Keys,English,Chinese,Korean,Japanese,Spanish,Thai
Common_Button_GotIt,GOT IT,知道了,확인,,,
Common_Button_Yes,YES,是,예,,,
Common_Button_No,NO,否,아니오,,,
HordeSelection_Label_Header,SELECT DECK,选择卡组,덱 선택하기,,,
HordeSelection_Button_Edit,EDIT,编辑,편집,,,
HordeSelection_Button_Delete,DELETE,删除,삭제,,,
HordeSelection_Button_Rename,RENAME,重命名,이름 바꾸기,,,
HordeSelection_Button_Build,BUILD A NEW DECK,组建新卡组,덱 생성하기,,,
HordeSelection_Popup_InfoDeleteLastDeck,Cannot delete. You must have at least one deck.,无法删除。你必须至少有一个卡组。,지울 수 없습니다. 최소한 하나의 덱을 가지고 있어야 합니다.,,,
HordeSelection_Popup_ConfirmDeleteDeck,Are you sure you want to delete {DECK_NAME}?,你确定要删除 {DECK_NAME} 吗？,{DECK_NAME} 덱을 정말 지우시겠습니까?,,,
HordeSelection_Spinner_DeletingDeck,Deleting Deck . . .,卡组删除中……,덱을 지우고 있습니다 . . .,,,
HordeEditing_Popup_ConfirmSaveProgress,Would you like to save your progress?,你想要保存游戏进度吗？,지금까지 만든 것을 저장하시겠습니까?,,,
HordeEditing_Button_Auto,AUTO,自动生成,자동,,,
HordeEditing_Button_Filter,FILTER,筛选,필터,,,
HordeEditing_Button_Abilities,ABILITIES,技能,능력,,,
HordeEditing_Input_Search,SEARCH,搜索,검색,,,
HordeEditing_Button_Save,SAVE DECK,保存卡组,덱 저장하기,,,
HordeEditing_Spinner_SavingDeck,Saving Deck . . .,卡组保存中……,덱을 저장하고 있습니다 . . .,,,
ChampionSelection_Label_Header,NEW DECK,新卡组,새 덱 만들기,,,
ChampionSkillSelection_Label_Header,SELECT CHAMPION SKILLS,选择英雄技能,챔피언 스킬을 선택하세요,,,
ChampionSkillSelection_Label_NoSelected,No selected skill,未选择技能,선택된 스킬이 없습니다,,,
ChampionSkillSelection_Label_SelectedAmount,{SELECTED_SKILL_AMOUNT}/{SKILLS_SLOT_AMOUNT} SELECTED,已选择 {SELECTED_SKILL_AMOUNT}/{SKILLS_SLOT_AMOUNT},{SELECTED_SKILL_AMOUNT}/{SKILLS_SLOT_AMOUNT} 선택됨,,,
DeckRenaming_Label_Header,NAME YOUR DECK,命名你的卡组,덱 이름을 입력하세요,,,
DeckRenaming_Button_Save,SAVE,保存,저장,,,
SideMenu_Button_Battle,BATTLE,开战,배틀,,,
SideMenu_Button_Shop,SHOP,商店,상점,,,
SideMenu_Button_MyDecks,MY DECKS,我的卡组,내 덱,,,
SideMenu_Button_MyPacks,MY PACKS,我的卡包,내 팩,,,
SideMenu_Button_MyCards,MY CARDS,我的卡牌,내 카드,,,
AreaBar_Button_Login,LOGIN,登录,로그인,,,
LoginPopup_Label_Email,EMAIL,邮箱,이메일,,,
LoginPopup_Placeholder_Email,Email Address...,邮箱地址……,이메일 주소...,,,
LoginPopup_Label_Password,PASSWORD,密码,비밀번호,,,
LoginPopup_Placeholder_Password,Password...,密码……,비밀번호...,,,
LoginPopup_Button_NotRegistered,NOT YET REGISTERED?,还未注册？,아직 등록하지 않으셨나요?,,,
LoginPopup_Button_Login,LOGIN,登录,로그인,,,
LoginPopup_Button_ForgotPassword,FORGOT PASSWORD?,忘记密码？,비밀번호를 잊으셨나요?,,,
LoginPopup_Popup_EnterEmailPassword,Please enter both your email and password.,请输入你的邮箱和密码。,이메일과 비밀번호를 모두 입력하세요.,,,
RegisteringPopup_Label_MinutesAway,You are minutes away from playing Relentless.,你马上就能到达 Relentless 战场了。,릴렌트리스를 플레이할 준비가 거의 다 됐습니다.,,,
RegisteringPopup_Label_Email,EMAIL,邮箱,이메일,,,
RegisteringPopup_Placeholder_Email,Email Address...,邮箱地址……,이메일 주소...,,,
RegisteringPopup_Label_Password,PASSWORD,密码,비밀번호,,,
RegisteringPopup_Placeholder_Password,Password...,密码……,비밀번호...,,,
RegisteringPopup_Label_ConfirmPassword,CONFIRM PASSWORD,确认密码,비밀번호 확인,,,
RegisteringPopup_Placeholder_ConfirmPassword,Confirm Password...,确认密码……,비밀번호 확인...,,,
RegisteringPopup_Button_Register,REGISTER,注册,등록하기,,,
RegisteringPopup_Button_AlreadyRegistered,ALREADY\nREGISTERED?,已\n注册？,이미\n등록하셨나요?,,,
ForgotPasswordPopup_Label_Header,Password Reset,重置密码,비밀번호 초기화,,,
ForgotPasswordPopup_Label_SubHeader,Please enter your email below.\nWe will send you a link to reset your password.,请在下面输入你的邮箱。\n我们将给你发送一个重置密码的链接。,아레에 여러분의 이메일을 입력하세요.\n비밀번호 초기화를 위한 링크를 보내드릴 것입니다.,,,
ForgotPasswordPopup_Label_Email,EMAIL,邮箱,이메일,,,
ForgotPasswordPopup_Placeholder_Email,Email Address...,邮箱地址……,이메일 주소...,,,
ForgotPasswordPopup_Button_Cancel,CANCEL,取消,취소,,,
ForgotPasswordPopup_Button_Send,SEND,发送,전송,,,
ForgotPasswordSendPopup_Label_Header,Password Reset Email Sent,密码重置邮件已发送,비밀번호 초기화 메일이 전송되었습니다.,,,
ForgotPasswordSendPopup_Label_Body01,An email has been sent to your email address.\nPlease follow the directions in that email to reset your password.,邮件已发送到你的邮箱。\n请按邮件中的说明来重置你的密码。,사용자 계정의 이메일 주소로 메일을 보냈습니다.\n이메일을 확인하고 안내에 따라 비밀번호 초기화를 진행하십시오.,,,
ForgotPasswordSendPopup_Label_Body02,"Note: Please check your spam folder and ""Promotions"" tab\nif you don't see the email.",注意：如果未看到邮件\n请查看你的垃圾箱和广告邮件箱,"참고: 이메일이 보이지 않는 경우,\n스팸 폴더나 ""프로모션"" 탭을 확인해주세요.",,,
ForgotPasswordSendPopup_Button_GotIt,GOT IT,知道了,확인,,,
LoginPopup_Popup_Validating,Validating and fetching data...,正在验证并获取数据……,데이터 검증 및 수신 중...,,,
MainMenuBattleMode_Button_Battle,BATTLE,开战,배틀,,,
MainMenuBattleMode_Button_ChangeMode,CHANGE MODE,更改模式,모드 변경,,,
MainMenuBattleMode_Label_BattleMode_Solo,SOLO,单人模式,솔로,,,
MainMenuBattleMode_Label_BattleMode_VS,VS\nCASUAL,对战\n普通,VS\n캐주얼,,,
GameModePopup_Label_Header,GAME MODE,游戏模式,게임 모드,,,
GameModePopup_Button_Solo,SOLO,单人模式,솔로,,,
GameModePopup_Button_VS,VS,对战模式,VS,,,
GameModePopup_Button_Tutorial,TUTORIAL,教程,튜토리얼,,,
MatchMakingPopup_Label_RegisteringToPool,Registering for PvP...,注册对战……,PvP에 등록하는 중...,,,
MatchMakingPopup_Label_WaitingPeriod,Looking for an opponent...,寻找对手……,상대 찾는 중...,,,
MatchMakingPopup_Label_FindingMatch,Matching with opponent...,匹配对手……,상대와 연결 중...,,,
MatchMakingPopup_Label_AcceptingMatch,Confirming match details...,确认匹配细节……,매치 디테일 확인 중...,,,
MatchMakingPopup_Label_WaitingForOpponent,Confirming match details...,确认匹配细节……,매치 디테일 확인 중...,,,
MatchMakingPopup_Label_ConfirmingWithOpponent,Confirming match details...,确认匹配细节……,매치 디테일 확인 중...,,,
MatchMakingPopup_Label_Canceled,Canceling...,正在取消……,취소 중...,,,
MatchMakingPopup_Button_Cancel,CANCEL,取消,취소,,,
StartTutorial_Label_Body,Welcome! Would you like to play the tutorial to get you started?,欢迎！你想播放教程来带你入门吗？,환영합니다! 시작을 위해 튜토리얼을 진행하시겠습니까?,,,
SettingsPopup_Label_HeaderMain,SETTINGS,设置,설정,,,
SettingsPopup_Label_HeaderAudio,AUDIO,音频,소리,,,
SettingsPopup_Label_HeaderVideo,VIDEO,视频,비디오,,,
SettingsPopup_Label_Music,MUSIC,音乐,배경음악,,,
SettingsPopup_Label_Sounds,SOUNDS,声音,효과음,,,
SettingsPopup_Label_Resolution,RESOLUTION,分辨率,해상도,,,
SettingsPopup_Label_ScreenMode,SCREEN MODE,屏幕模式,화면 모드,,,
SettingsPopup_Button_Login,LOGIN,登录,로그인,,,
SettingsPopup_Button_Logout,LOG OUT,退出,로그아웃,,,
SettingsPopup_Button_Help,HELP,帮助,도움말,,,
SettingsPopup_Button_Credits,CREDITS,制作组,크레딧,,,
SettingsPopup_Button_Support,SUPPORT,支持,고객센터,,,
SettingsPopup_Button_QuitGame,QUIT,退出,게임 종료,,,
SettingsPopup_Button_QuitBattle,Would you like to quit this match?,你想退出这一局吗？,대전을 종료하시겠습니까?,,,
SettingsPopup_Popup_ConfirmLogout,,,,,,
SettingsPopup_Popup_ConfirmHelp,Would you like to redirect to help link?,你想转到帮助链接吗？,게임 방법 페이지로 이동하시겠습니까?,,,
SettingsPopup_Popup_ConfirmSupport,Would you like to visit the online Help Desk?,你想访问在线 Help Desk 吗？,온라인 고객센터로 이동하시겠습니까?,,,
ArmyPage_Label_Header,MY ARMY,我的军团,내 군대,,,
ArmyPage_Button_Filter,FILTER,筛选,필터,,,
ArmyPage_Button_BuyPacks,BUY MORE PACKS,购买更多卡包,더 많은 팩 구매하기,,,
ArmyPage_Input_Search,SEARCH,搜索,검색,,,
ArmyPage_Button_Marketplace,MARKETPLACE,交易市场,마켓플레이스,,,
ArmyPage_Popup_ConfirmMarketplace,Would you like to visit the Marketplace website?,你想访问交易市场网站吗？,마켓플레이스 웹사이트로 이동하시겠습니까?,,,
ShopPage_Label_Header,SPECIAL PROMOS,推广活动,특별 프로모션,,,
ShopPage_Label_Banner,NEW PACK DISCOUNTS!,新卡包折扣！,신규 팩 할인!,,,
PackOpener_Label_Header,MY PACKS,我的卡包,내 팩,,,
PackOpener_Label_PackToOpenAmount,{[PACK_AMOUNT_TO_OPEN]} packs[i2p_Zero]No packs[I2p_One]1 pack,{[PACK_AMOUNT_TO_OPEN]} 个卡包[i2p_Zero]无卡包[I2p_One]1个卡包,{[PACK_AMOUNT_TO_OPEN]}팩[i2p_Zero]팩 없음[I2p_One]1팩,,,
PackOpener_Button_Open,OPEN,开启,열기,,,
PackOpener_Button_BuyPacks,BUY MORE PACKS,购买更多卡包,더 많은 팩 구매하기,,,
PackOpener_Button_Collect,COLLECT,收集,받기,,,
FilterCard_Label_Header,FILTER CARDS,筛选卡牌,카드 필터링,,,
FilterCard_Button_Save,SAVE,保存,저장,,,
FilterCard_Button_SelectAll,SELECT ALL,选择全部,모두 선택,,,
FilterCard_Button_Element,ELEMENT,派系,속성,,,
FilterCard_Button_Rarity,RARITY,稀有度,희귀성,,,
FilterCard_Button_GooCost,GOO COST,GOO 成本,GOO 비용,,,
FilterDeck_Label_Header,FILTER DECKS,筛选卡组,덱 필터링,,,
FilterDeck_Button_Save,SAVE,保存,저장,,,
Mulligan_Button_Keep,KEEP,保留,가지기,,,
Gameplay_Button_EndTurn,END TURN,结束回合,턴 종료,,,
Gameplay_Popup_ConfirmQuit,Do you really want to quit?,你确定要退出吗？,정말 그만두시겠습니까?,,,
Gameplay_Popup_YourTurn,YOUR TURN,到你了,나의 턴,,,
WinLostPopup_Label_WinHeader,YOU WIN!,胜利！,승리!,,,
WinLostPopup_Label_LostHeader,YOU LOSE!,战败！,패배!,,,
WinLostPopup_Label_Level,LEVEL,等级,레벨,,,
WinLostPopup_Button_PlayAgain,PLAY AGAIN,再玩一次,다시 플레이하기,,,
WinLostPopup_Button_Continue,MAIN MENU,主菜单,메인 메뉴,,,
LevelUp_Label_Header,LEVEL UP!,升级！,레벨 업!,,,
LevelUp_Label_RewardDisabled,Rewards have been disabled for ver {GAME_VERSION}.,已对 {GAME_VERSION} 版本停用奖励机制。,{GAME_VERSION} 버전에서 보상은 활성화되지 않았습니다.,,,
LoadingPage_Message_Loading,LOADING...,正在加载……,로딩 중...,,,
Handle_Error_General,Something went wrong.\nPlease try again.,出现了错误。\n请再试一次。,뭔가 잘못됐습니다!\n다시 시도해주세요.,,,
Warning_DataManager_CardLibrary_Error,Error loading card library data,加载卡牌库数据时出错,카드 라이브러리 데이터 불러오기 에러,,,
Warning_DataManager_ChampionsData_Error,Error loading Champion data,加载英雄数据时出错,챔피언 데이터 불러오기 에러,,,
Warning_DataManager_CardCollection_Error,Error loading card collection data.,加载卡牌收藏数据时出错。,카드 수집 데이터 불러오기 에러,,,
Warning_DataManager_PlayerDecksData_Error,Error loading decks.,加载卡组时出错。,덱 불러오기 에러,,,
Warning_DataManager_AIDecksData_Error,Error loading AI opponent decks.,加载 AI 对手卡组时出错。,AI 상대 덱 불러오기 에러,,,
Warning_DataManager_ChampionLeveling_Error,Error loading Champion leveling data.,加载英雄等级数据时出错。,챔피언 레벨 데이터 불러오기 에러,,,
Waning_OTP_Incorrect,Incorrect verification code. Please try again.,验证码不正确。请再试一次。,인증 코드가 틀렸습니다. 다시 시도해주세요.,,,
Warning_ForgotPassword_InvalidEmail,Please enter a valid email address.,请输入一个有效的邮箱地址。,유효한 이메일 주소를 입력해주세요.,,,
Warning_Register_EmptyEmailOrPassword,Please enter both your email and password.,请输入你的邮箱和密码。,이메일과 비밀번호를 모두 입력하세요.,,,
Warning_Register_InvalidEmail,Please enter a valid email address.,请输入一个有效的邮箱地址。,유효한 이메일 주소를 입력해주세요.,,,
Warning_Register_ConfirmPasswordNotMatch,Please make sure your passwords match.,请确保你的密码匹配。,비밀번호와 비밀번호 확인이 일치해야 합니다.,,,
Warning_Register_IncorrectEmailOrPassword,Incorrect email or password. Please try again.,邮箱或密码不正确。请再试一次。,이메일 또는 비밀번호가 틀렸습니다. 다시 시도해주세요.,,,
Warning_Register_RequestError,Unable to register at this time. Please try again.,注册失败。请再试一次。,등록 요청이 실패했습니다. 다시 시도해주세요.,,,
Warning_Register_EmailAlreadyUsed,That email is already in use. Please use a different email or login to your existing account.,该邮箱已被注册。请使用一个不同的邮箱或登录到你已有的帐户。,이미 사용 중인 이메일입니다. 다른 이메일을 사용하거나 해당 계정으로 로그인해주세요.,,,
Warning_Login_EmptyEmailOrPassword,Please enter both your email and password.,请输入你的邮箱和密码。,이메일과 비밀번호를 모두 입력하세요.,,,
Warning_Login_InvalidEmail,Please enter a valid email address.,请输入一个有效的邮箱地址。,유효한 이메일 주소를 입력해주세요.,,,
Warning_Login_IncorrectEmailOrPassword,Incorrect email or password. Please try again.,邮箱或密码不正确。请再试一次。,이메일 또는 비밀번호가 틀렸습니다. 다시 시도해주세요.,,,
Warning_Login_RequestError,Unable to login at this time. Please try again.,注册失败。请再试一次。,로그인 요청이 실패했습니다. 다시 시도해주세요.,,,
Warning_Login_Unauthorized,Incorrect username and/or password. Please try again.,邮箱或密码不正确。请再试一次。,이메일 또는 비밀번호가 틀렸습니다. 다시 시도해주세요.,,,
Warning_Login_ValidationFailed,We were unable to verify your login credentials at this time. Please restart the game and try again.,我们无法验证你的登录信息。请重启游戏再试一次。,로그인 정보를 확인에 실패했습니다. 게임을 재시작한 후 다시 시도해주세요.,,,
Warning_GameVersion_Mismatch,This version ({LOCAL_VERSION}) is out of date. Please download version {REMOTE_VERSION}.,这个 ({LOCAL_VERSION}) 版本已过期。请下载 {REMOTE_VERSION} 版本。,({LOCAL_VERSION}) 버전은 업데이트가 필요합니다. {REMOTE_VERSION} 버전을 다운로드 해주세요.,,,
Warning_Server_MaintenanceMode,Our server is currently undergoing maintenance. Please try again later.,我们的服务器正在进行维护。请稍后再试。,서버에 대한 유지보수 작업 중입니다. 나중에 다시 시도해주세요.,,,
Warning_ServerConnection_Impossible,Server connection has timed out. Please check your internet connection and try again.,服务器连接超时。请检查你的网络连接并重试。,서버 연결이 만료되었습니다. 인터넷 연결을 확인한 후 다시 시도해주세요.,,,
Warning_ServerConnection_Failed,Please check your internet connection and try again.,请检查你的网络连接并重试。,인터넷 연결을 확인한 후 다시 시도해주세요.,,,
Warning_SystemRequirement_NotSatisfy,"Your device does not meet the minimum system requirements. If you choose to continue, you may face difficulties or may not be able to play.",你的设备不符合最低系统要求。如果你选择继续，你可能会遇到困难，或者无法进行游戏。,"사용 중인 기기가 최소 시스템 사양을 충족하지 않습니다. 계속 진행해도, 플레이에 어려움이 생기거나 플레이가 불가할 수도 있습니다.",,,
Warning_InternetConnection_Error,Please check your internet connection and try again.,请检查你的网络连接并重试。,인터넷 연결을 확인한 후 다시 시도해주세요.,,,
Spinner_PackOpener_RetrievingCards,Loading your cards...,你的卡牌正在加载……,카드를 불러오는 중...,,,
Warning_PackOpener_PackBalanceRequest_Error,Something went wrong.\nWould you like to retry?,出错了。\n想要重试吗？,뭔가 잘못됐습니다!\n다시 시도하시겠습니까?,,,
Warning_PackOpener_RetrievingCards_Error,Loading cards failed.\nPlease try again.,卡牌加载失败。\n请重试。,카드 불러오기에 실패했습니다.\n다시 시도해주세요.,,,
Warning_RankedGames_Disabled,Ranked games are disabled for version {GAME_VERSION}. Thanks for helping us make this game awesome!\n– Loom Team,{GAME_VERSION} 版本暂无排名赛。感谢你帮助我们让这款游戏变得更好！\n—— Loom Network,{GAME_VERSION} 버전에서 랭크 게임은 비활성화되어 있습니다. 이 게임을 멋지게 만들어갈 수 있도록 도와주셔서 감사합니다!\n– Loom Team,,,
Warning_FriendlyGames_Disabled,Friendly games are disabled for version {GAME_VERSION}. Thanks for helping us make this game awesome!\n– Loom Team,{GAME_VERSION} 版本暂无友谊赛。感谢你帮助我们让这款游戏变得更好！\n—— Loom Network,{GAME_VERSION} 버전에서 친선 게임은 비활성화되어 있습니다. 이 게임을 멋지게 만들어갈 수 있도록 도와주셔서 감사합니다!\n– Loom Team,,,
Spinner_Shop_IAP,Initializing store...,初始化商店……,상점 초기화 중...,,,
Spinner_Shop_InitStore,Initializing store...,初始化商店……,상점 초기화 중...,,,
Spinner_Shop_ClaimPending,Activating purchase...,激活购买……,구매 활성화 중...,,,
Spinner_Shop_InitiatedPurchase,Activating purchase...,激活购买……,구매 활성화 중...,,,
Spinner_Shop_Purchasing,Processing payment...,处理付款……,결제 처리 중...,,,
Spinner_Shop_RequestFiatValidation,Processing payment...,处理付款……,결제 처리 중...,,,
Spinner_Shop_RequestFiatTransaction,Fetching your goods...,获取你的商品……,상품 가져오는 중...,,,
Spinner_Shop_RequestPack,Fetching your goods...,获取你的商品……,상품 가져오는 중...,,,
Spinner_Shop_RequestFiatClaim,Fetching your goods...,获取你的商品……,상품 가져오는 중...,,,
Warning_Shop_ClaimPending_Failed,Failed to claim pending purchases.\nPlease try again.,无法获取待处理的购买。\n请重试。,구매 진행 중 문제가 발생했습니다.\n다시 시도해주세요.,,,
Warning_Shop_InitStore_Failed,Failed to initialize store.\nPlease try again.,无法初始化商店。\n请重试。,상점 초기화에 실패했습니다.\n다시 시도해주세요.,,,
Warning_Shop_RequestPack_Success,Purchase successful! Please go to “My Packs” to see what you got.,购买成功！请至“我的卡包”查看。,"성공적으로 구매했습니다! ""내 팩""으로 가서 받은 상품을 확인하세요.",,,
Warning_Shop_Purchasing_Failed,Error while processing you purchase. Please try again.,你的购买出现错误。请重试。,구매를 처리하는 중 문제가 발생했습니다.\n다시 시도해주세요.,,,
Warning_HordeSelection_SearchDeck_NotFound,No decks found with that search.,此搜索下未找到任何卡组。,검색 조건에 해당하는 덱이 없습니다.,,,
Warning_HordeSelection_MaxDeck,"You can't have more than {MAX_DECKS} decks, delete 1 or more decks and try again.",不能超过 {MAX_DECKS} 个卡组，请删除 1 到多个卡组，并重试。,한 번에 {MAX_DECKS}덱 이상을 가질 수 없습니다. 1개 이상의 덱을 삭제한 후 다시 시도해주세요.,,,
Warning_HordeEditing_AddDeck_Failed,Something went wrong.\nPlease try again.,出错了。\n请重试。,뭔가 잘못됐습니다!\n다시 시도해주세요.,,,
Warning_HordeEditing_AddCard_AgainstChampionFaction,Cannot add from the faction your Champion is weak against.,无法从你的英雄克星派系里添加,플레이어의 챔피언이 취약한 속성은 추가할 수 없습니다.,,,
Warning_HordeEditing_AddCard_NotEnough,You don't have enough of this card. Buy or earn packs to get more cards.,这张卡牌不够了。购买或赢取卡包，以获取更多卡牌。,해당 카드를 충분히 가지고 있지 않습니다. 카드를 더 가지려면 팩을 구매하거나 얻으세요.,,,
Warning_HordeEditing_AddCard_RankMaxOut,Cannot have more than {MAX_COPIES} copies of {CARD_RANK} cards in one deck.,一个卡组中， {CARD_RANK} 卡牌不能超过 {MAX_COPIES} 张。,하나의 덱에 {CARD_RANK} 카드를 {MAX_COPIES}개 이상 가질 수 없습니다.,,,
Warning_HordeEditing_AddCard_MaxDeckSize,Cannot have more than {MAX_DECK_SIZE} cards in one deck.,一个卡组不能超过 {MAX_DECK_SIZE} 卡牌。,하나의 덱에 카드를 {MAX_DECK_SIZE}개 이상 가질 수 없습니다.,,,
Warning_HordeEditing_AddDeck_Error,Not able to Add Deck,无法添加卡组,덱을 추가할 수 없습니다.,,,
Warning_HordeEditing_EditDeck_Error,Not able to Edit Deck,无法编辑卡组,덱을 수정할 수 없습니다.,,,
Warning_HordeEditing_DeleteDeck_Error,Not able to Delete Deck,无法删除卡组,덱을 지울 수 없습니다.,,,
Warning_HordeEditing_DeckName_Empty,Saving Deck with an empty name is not allowed.,不能保存无名卡组,덱을 저장하려면 반드시 이름을 입력해야 합니다.,,,
Warning_HordeEditing_DeckName_Exist,This deck name already exists.,这个卡组名已存在。,이미 존재하는 덱 이름입니다.,,,
GameData_BattleFlavor_0,Filling up goo bottles,正在充满 goo 瓶,Filling up goo bottles,,,
GameData_BattleFlavor_1,Shuffling cards,洗牌,Shuffling cards,,,
GameData_BattleFlavor_2,Mopping battleground,把对战场地擦得锃亮,Mopping battleground,,,
GameData_BattleFlavor_3,Checking cables,检查线路中,Checking cables,,,
GameData_BattleFlavor_4,Prepping elements,正在准备元素,Prepping elements,,,
GameData_BattleFlavor_5,Waking Champions,正在唤醒英雄,Waking Champions,,,
GameData_BattleFlavor_6,Doing warm-ups,热身中,Doing warm-ups,,,
GameData_BattleFlavor_7,Hydrating creatures,别忘了补充水分,Hydrating creatures,,,
GameData_BattleFlavor_8,Positioning creatures,正在排兵布阵,Positioning creatures,,,
GameData_BattleFlavor_9,Hyping crowds,观众们开始欢呼,Hyping crowds,,,
GameData_BattleFlavor_10,Sharpening claws,把爪子打磨锐利,Sharpening claws,,,
GameData_BattleFlavor_11,Yelling out battle cries,垃圾话时间,Yelling out battle cries,,,
GameData_BuffsToolTip_Feral,This creature can attack when it enters play.,当被投入时，这个生物可以开始攻击。,이 크리처는 플레이에 들어갈 때 공격을 할 수 있습니다.,,,
GameData_BuffsToolTip_Heavy,Enemies must attack this creature first.,敌人必须先攻击这个生物。,적들은 이 크리처를 반드시 먼저 공격해야 한다.,,,
GameData_BuffsToolTip_Entry,Ability activates when this creature enters play.,当这个生物被投入时激活技能。,이 크리처가 플레이에 들어갈 때 능력이 활성화됩니다.,,,
GameData_BuffsToolTip_Death,Ability activates when this creature dies.,当这个生物死亡时激活技能。,이 크리처가 죽을 때 능력이 활성화됩니다.,,,
GameData_BuffsToolTip_Attack,Ability activates when this creature attacks.,技能会在此生物攻击时激活。,이 크리처가 공격할 때 능력이 활성화됩니다.,,,
GameData_BuffsToolTip_Freeze,Frozen creatures lose their next chance to attack.,被冻结的生物失去下一次攻击机会。,얼어붙은 크리처들은 다음 번에 공격할 수 없습니다.,,,
GameData_BuffsToolTip_Flash,This creature can attack twice in one turn.,此生物一回合可攻击两次。,이 크리처는 한 턴에 두 번 공격할 수 있습니다.,,,
GameData_BuffsToolTip_Destroy,Creatures attacked and damaged by this die.,生物被此攻击或损伤将死亡。,죽으면 크리처들이 공격을 받고 데미지를 입는다.,,,
GameData_BuffsToolTip_Distract,"Distracted creatures lose all their abilities, effects, and buffs.",被干扰的生物将失去所有技能、效果和增益。,"이성을 잃은 크리처들은 그들의 능력, 효과, 버프를 모두 잃습니다.",,,
GameData_BuffsToolTip_Swing,Deal X damage to creatures that are adjacent to target,对目标相邻的生物造成 X 点伤害,대상에 인접한 크리처들에 X 데미지를 입힌다.,,,
GameData_BuffsToolTip_Rage,Ability activates when this creature takes damage.,技能会在此生物受到攻击时激活。,이 크리처가 플레이 중에 데미지를 입으면 능력이 활성화된다.,,,
GameData_BuffsToolTip_Delayed,Ability activates at the start of your next turn.,技能会在你下回合的开始时激活。,플레이어의 다음 턴이 시작하면 능력이 활성화됩니다.,,,
GameData_BuffsToolTip_Turn,Ability activates at the start of each of your turns while in play.,对战中，技能会在你每个回合开始时激活。,플레이 중 매 플레이어의 턴이 시작할 때마다 능력이 활성화됩니다.,,,
GameData_BuffsToolTip_End,Ability activates at the end of each of your turns while in play.,对战中，技能会在你每个回合结束时激活。,플레이 중 매 플레이어의 턴이 끝날 때마다 능력이 활성화됩니다.,,,
GameData_BuffsToolTip_Overflow,"Get X goo over the max goo available, for this turn only",仅在本回合，获得超过 goo 最大值的 X 个 goo,이번 턴에만 X Goo를 최대치 이상으로 가진다.,,,
GameData_BuffsToolTip_Guard,"Prevents all damage from the next source, and then this ability is removed.",防止来自下一个来源的所有伤害，然后移除此技能。,"다음에 받는 공격의 모든 데미지를 무시하며, 이후 이 능력은 사라진다.",,,
GameData_BuffsToolTip_Devour,Killing a creature will gain its Attack and/or Defense values,消灭一个生物将会获得其攻击和/或防御值,크리처를 죽이면 해당 크리처의 공격력 및(또는) 방어력을 얻는다,,,
GameData_BuffsToolTip_Shatter,Deal +X damage to Frozen enemies,对冰冻的敌人造成 +X 伤害,얼어있는 적들에게 +X 데미지를 입힌다,,,
GameData_BuffsToolTip_Reanimate,"This creature is resummoned when it dies, and then this ability is removed.",此生物死亡后会被重新召唤，然后此技能被移除。,"이 크리처는 죽으면 다시 소환되며, 이후 능력이 사라진다.",,,
GameData_BuffsToolTip_Restore,Add Defense points to damaged creature up to its max Defense.,为损伤的生物添加防御值至其最大防御值。,데미지를 입은 크리처가 최대 방어력을 회복하게 한다.,,,
GameData_BuffsToolTip_Blitz,Can attack creatures when this enters the battleground,当此生物进入战场时，可随即攻击其他生物。,전장에 진입 시 크리처를 공격할 수 있다.,,,
GameData_Champion_Name_0,Brakuus,Brakuus,Brakuus,,,
GameData_Champion_ShortDescription_0,The Guardian,The Guardian,The Guardian,,,
GameData_ChampionSkill_Title_0,Harden,Harden,Harden,,,
GameData_ChampionSkill_Description_0,Give +2 Def to your Champion,给你的英雄 + 2 防御,플레이어의 챔피언에게 방어력 2를 더한다.,,,
GameData_ChampionSkill_Title_1,Stoneskin,Stoneskin,Stoneskin,,,
GameData_ChampionSkill_Description_1,Give an ally Earth creature +1 Def,给一个同盟土系生物 +1 防御,아군 땅 속성 크리처에 방어력 1을 더한다.,,,
GameData_ChampionSkill_Title_2,Fortify,Fortify,Fortify,,,
GameData_ChampionSkill_Description_2,Give an ally Earth creature Heavy,给一个同盟土系生物重型技能,아군 땅 속성 크리처에 헤비 능력을 부여한다.,,,
GameData_ChampionSkill_Title_3,Phalanx,Phalanx,Phalanx,,,
GameData_ChampionSkill_Description_3,Give all ally Earth creatures +1 Def,给所有同盟土系生物 +1 防御,모든 아군 땅 속성 크리처에 방어력 1을 더한다.,,,
GameData_ChampionSkill_Title_4,Fortress,Fortress,Fortress,,,
GameData_ChampionSkill_Description_4,Give 2 random ally Earth creatures Heavy,给任意2个同盟土系生物重型技能,임의의 아군 땅 속성 크리처 2기에 헤비 능력을 부여한다.,,,
GameData_Champion_Name_1,Razu,Razu,Razu,,,
GameData_Champion_ShortDescription_1,The Fire Daemon,The Fire Daemon,The Fire Daemon,,,
GameData_ChampionSkill_Title_5,Fire Bolt,Fire Bolt,Fire Bolt,,,
GameData_ChampionSkill_Description_5,Deal 1 damage to target,对目标造成1点伤害,대상에 데미지 1을 입힌다.,,,
GameData_ChampionSkill_Title_6,Rabies,Rabies,Rabies,,,
GameData_ChampionSkill_Description_6,Give an ally Fire creature Feral,给一个同盟火系生物野性技能,아군 불 속성 크리처에 야생 능력을 부여한다.,,,
GameData_ChampionSkill_Title_7,Fireball,Fireball,Fireball,,,
GameData_ChampionSkill_Description_7,Deal 2 damage to a target,对目标造成2点伤害,대상에 데미지 2를 입힌다.,,,
GameData_ChampionSkill_Title_8,Mass Rabies,Mass Rabies,Mass Rabies,,,
GameData_ChampionSkill_Description_8,Give 2 random ally Fire creatures Feral,给任意2个同盟火系生物野性技能,임의의 아군 불 속성 크리처 2기에 야생 능력을 부여한다.,,,
GameData_ChampionSkill_Title_9,Meteor Shower,Meteor Shower,Meteor Shower,,,
GameData_ChampionSkill_Description_9,Deal 2 damage to all creatures,对所有生物造成2点伤害,모든 크리처에 데미지 2를 입힌다.,,,
GameData_Champion_Name_2,Vash'Kala,Vash'Kala,Vash'Kala,,,
GameData_Champion_ShortDescription_2,The Ancient One,The Ancient One,고대의 존재,,,
GameData_ChampionSkill_Title_10,Freeze,冻结,Freeze,,,
GameData_ChampionSkill_Description_10,Freeze a creature,冻结1个生物,크리처를 얼린다,,,
GameData_ChampionSkill_Title_11,Ice Bolt,Ice Bolt,Ice Bolt,,,
GameData_ChampionSkill_Description_11,"Deal 2 damage to a target creature. If it survives, Freeze it",对目标生物造成2点伤害。如果目标幸存，冻结它。,"대상 크리처에 2 데미지를 입히고, 살아남으면 해당 크리처를 얼린다.",,,
GameData_ChampionSkill_Title_12,Ice Wall,Ice Wall,Ice Wall,,,
GameData_ChampionSkill_Description_12,Add 2 Def to target Water creature or your Champion,给目标水系生物或者你的英雄添加2点防御,대상 물 속성 크리처 또는 플레이어의 챔피언에 방어력 2를 더한다.,,,
GameData_ChampionSkill_Title_13,Shatter,Shatter,Shatter,,,
GameData_ChampionSkill_Description_13,Destroy a Frozen enemy creature,摧毁1个冷冻的敌方生物,얼어있는 적 크리처를 파괴한다.,,,
GameData_ChampionSkill_Title_14,Blizzard,暴风雪,Blizzard,,,
GameData_ChampionSkill_Description_14,Freeze 2 random creature enemies,冻结任意2个敌方生物,임의의 적 크리처 2기를 얼린다.,,,
GameData_Champion_Name_3,Kalile,Kalile,Kalile,,,
GameData_Champion_ShortDescription_3,Tempest of Storms,Tempest of Storms,Tempest of Storms,,,
GameData_ChampionSkill_Title_15,Push,Push,Push,,,
GameData_ChampionSkill_Description_15,"Spend remaining goo to return a creature of equal cost, or less, to owner's hand",用尽剩余的 goo 把1个等价或更少 goo 成本的生物返回到所有者的手牌里,"남은 Goo를 사용하여 동일 비용의, 또는 더 저렴한 크리처 1기를 주인의 손으로 돌려보낸다.",,,
GameData_ChampionSkill_Title_16,Draw,Draw,Draw,,,
GameData_ChampionSkill_Description_16,Draw a card,抽1张卡牌,카드를 뽑는다.,,,
GameData_ChampionSkill_Title_17,Wind Shield,Wind Shield,Wind Shield,,,
GameData_ChampionSkill_Description_17,Give a random ally Air creature Guard,给任意1个同盟风系生物防卫技能,임의의 아군 공기 속성 크리처에 보호 능력을 부여한다.,,,
GameData_ChampionSkill_Title_18,Levitate,Levitate,Levitate,,,
GameData_ChampionSkill_Description_18,Reduce the cost of a random card in your hand by 1,Reduce the cost of a random card in your hand by 1,플레이어의 손에 있는 임의의 카드의 비용을 1만큼 줄인다.,,,
GameData_ChampionSkill_Title_19,Retreat,Retreat,Retreat,,,
GameData_ChampionSkill_Description_19,Return all creatures to their owner's hand,将所有生物返回其所有者的手牌,모든 크리처들을 소유자들의 손으로 돌려보낸다.,,,
GameData_Champion_Name_4,Mhalik,Mhalik,Mhalik,,,
GameData_Champion_ShortDescription_4,Lord of Pestilence,Lord of Pestilence,Lord of Pestilence,,,
GameData_ChampionSkill_Title_20,Poison Dart,Poison Dart,Poison Dart,,,
GameData_ChampionSkill_Description_20,Deal 1 damage to an enemy,Deal 1 damage to an enemy,적 1기에 데미지 1을 입힌다.,,,
GameData_ChampionSkill_Title_21,Toxic Power,Toxic Power,Toxic Power,,,
GameData_ChampionSkill_Description_21,Deal 1 damage to an ally Toxic creature and give it +1 Atk,Deal 1 damage to an ally Toxic creature and give it +1 Atk,아군 독 크리처에 1 데미지를 입히고 공격력을 1 더한다.,,,
GameData_ChampionSkill_Title_22,Breakout,Breakout,Breakout,,,
GameData_ChampionSkill_Description_22,Deal 1 damage to 5 random enemies,Deal 1 damage to 5 random enemies,임의의 적 5기에 데미지 1을 입힌다.,,,
GameData_ChampionSkill_Title_23,Infect,Infect,Infect,,,
GameData_ChampionSkill_Description_23,"Destroy an ally Toxic creature, deal its Atk to a random enemy creature","Destroy an ally Toxic creature, deal its Atk to a random enemy creature","아군 독 속성 크리처를 하나 파괴하고, 해당 크리처의 공격력만큼 임의의 적 크리처에 데미지를 입힌다.",,,
GameData_ChampionSkill_Title_24,Epidemic,Epidemic,Epidemic,,,
GameData_ChampionSkill_Description_24,"Destroy an 2 random Toxic creatures, deal their Atk to 2 enemy creatures","Destroy an 2 random Toxic creatures, deal their Atk to 2 enemy creatures","독 속성 크리처 2기를 파괴하고, 그들의 공격력만큼 적 크리처 2기에 데미지를 입힌다.",,,
GameData_Champion_Name_5,Valash,Valash,Valash,,,
GameData_Champion_ShortDescription_5,Nature's Warden,Nature's Warden,Nature's Warden,,,
GameData_ChampionSkill_Title_25,Healing Touch,Healing Touch,Healing Touch,,,
GameData_ChampionSkill_Description_25,Restore 2 Def to an ally creature,Restore 2 Def to an ally creature,아군 크리처의 방어력을 2만큼 회복한다.,,,
GameData_ChampionSkill_Title_26,Mend,Mend,Mend,,,
GameData_ChampionSkill_Description_26,Restore 2 Def to your Champion,Restore 2 Def to your Champion,플레이어의 챔피언의 방어력을 2만큼 회복한다.,,,
GameData_ChampionSkill_Title_27,Resurrect,Resurrect,Resurrect,,,
GameData_ChampionSkill_Description_27,Reanimate a random 3 goo-cost ally Life creature,复活任意一个 3 goo 成本的同盟生命系生物,Goo 비용이 3인 임의의 아군 생명 속성 크리처를 소생시킨다.,,,
GameData_ChampionSkill_Title_28,Enhance,Enhance,Enhance,,,
GameData_ChampionSkill_Description_28,Restore 2 Def to all ally Life creatures and your Champion,给所有同盟生命系生物和你的英雄恢复2点防御值,모든 아군 생명 속성 크리처와 플레이어의 챔피언에 방어력을 2만큼 회복시킨다.,,,
GameData_ChampionSkill_Title_29,Reanimate,复活,Reanimate,,,
GameData_ChampionSkill_Description_29,Reanimate 2 random ally Life creatures,复活任意2个同盟生命系生物,임의의 아군 생명 속성 크리처 2기를 소생시킨다.,,,
GameData_Cards_Name_1,Whizper,轻语者,위즈퍼,,,
GameData_Cards_Name_2,Gale,狂风,게일,,,
GameData_Cards_Name_5,Rocky,洛奇,로키,,,
GameData_Cards_Name_10,Pyromaz,小火拳,방화광,,,
GameData_Cards_Name_19,Azuraz,蜂农,아주라즈,,,
GameData_Cards_Name_33,Mind Flayer,控脑章鱼,마인드 플레이어,,,
GameData_Cards_Name_34,Wheezy,瑜伽大师,위지,,,
GameData_Cards_Name_62,Blazter,掷弹兵,블라즈터,,,
GameData_Cards_Name_73,Grower,无限生长,그로우어,,,
GameData_Cards_Name_82,Azzazzin,刺客,아자진,,,
GameData_Cards_Name_105,Zparky,火靴,즈파키,,,
GameData_Cards_Name_106,Ember,燃煤,엠버,,,
GameData_Cards_Name_113,Extinguisher,灭火器,소화기,,,
GameData_Cards_Name_101,Zlab,石莱伯,즐랩,,,
GameData_Cards_Name_118,Leash,紧箍圈,속박,,,
GameData_Cards_Name_119,Bulldozer,推土机,불도저,,,
GameData_Cards_Name_121,Zplit,分裂,즈플릿,,,
GameData_Cards_Name_127,Ectoplazm,细胞外质,외형질,,,
GameData_Cards_Name_141,Maelztrom,大漩涡,맬즈트롬,,,
GameData_Cards_Name_151,Hazzard,隐患,해저드,,,
GameData_Cards_Name_115,Shovel,铁锹,삽,,,
GameData_Cards_Name_249,Harpoon,Harpoon,Harpoon,,,
GameData_Cards_Name_154,Boomstick,双管手枪,붐스틱,,,
GameData_Cards_Name_57,Crumbz,碎石,크럼즈,,,
GameData_Cards_Name_76,Everlazting,涅槃,에버라즈팅,,,
GameData_Cards_Name_68,Whistle,口哨,호루라기,,,
GameData_Cards_Name_11,Burn,玩火小子,연소,,,
GameData_Cards_Name_12,Cynderman,灰烬之躯,깜부기불,,,
GameData_Cards_Name_13,Gargantua,熔岩巨人,가간투아,,,
GameData_Cards_Name_14,Fire-Maw,火喉,파이어모,,,
GameData_Cards_Name_15,Stapler,订书机,스테이플러,,,
GameData_Cards_Name_16,Nail Bomb,钉子炸弹,못 폭탄,,,
GameData_Cards_Name_17,Goo Bottles,空goo瓶,Goo 병,,,
GameData_Cards_Name_123,Bark,树皮,바크,,,
GameData_Cards_Name_67,Zhampion,怒火将军,잼피언,,,
GameData_Cards_Name_24,Poizon,毒酒,포이즌,,,
GameData_Cards_Name_25,Ghoul,食尸者,구울,,,
GameData_Cards_Name_28,Ice,制冰机,아이스,,,
GameData_Cards_Name_98,Blocker,路障,블로커,,,
GameData_Cards_Name_31,Tzunamy,海啸,쯔나미,,,
GameData_Cards_Name_116,Cart,手推车,카트,,,
GameData_Cards_Name_50,Zoothsayer,预言家,주드세이어,,,
GameData_Cards_Name_44,Zucker,无底胃,저커,,,
GameData_Cards_Name_59,Zpike,刺猬,즈파이크,,,
GameData_Cards_Name_3,Ztormcaller,暴风使者,폭풍술사,,,
GameData_Cards_Name_4,Zeuz,宙斯,제우즈,,,
GameData_Cards_Name_7,Boulder,巨石,바위,,,
GameData_Cards_Name_138,Icicle,冰柱,아이시클,,,
GameData_Cards_Name_26,Hazmat,危险物,해즈맷,,,
GameData_Cards_Name_30,Freezee,刨冰仔,프리지,,,
GameData_Cards_Name_37,Cerberuz,三头犬,세르베루즈,,,
GameData_Cards_Name_64,Rabiez,狂犬病,Rabiez,,,
GameData_Cards_Name_74,Prezerver,救生员,프리저버,,,
GameData_Cards_Name_142,Fumez,风影忍者,퓸즈,,,
GameData_Cards_Name_81,Zkewer,串肉扦,즈쿠어,,,
GameData_Cards_Name_87,Frozen,冰雪战士,프로즌,,,
GameData_Cards_Name_239,Zky,Zky,Zky,,,
GameData_Cards_Name_240,Zonic,Zonic,Zonic,,,
GameData_Cards_Name_241,Zwoop,Zwoop,Zwoop,,,
GameData_Cards_Name_108,Burzt,爆裂,버즈트,,,
GameData_Cards_Name_120,Wizp,植物精灵,위즈프,,,
GameData_Cards_Name_242,Duzt,Duzt,Duzt,,,
GameData_Cards_Name_6,Golem,石魔,골렘,,,
GameData_Cards_Name_244,Zolid,Zolid,Zolid,,,
GameData_Cards_Name_246,Flare,Flare,Flare,,,
GameData_Cards_Name_247,Hot,Hot,Hot,,,
GameData_Cards_Name_248,Bazooka,Bazooka,Bazooka,,,
GameData_Cards_Name_250,Huzk,Huzk,Huzk,,,
GameData_Cards_Name_251,Wood,Wood,Wood,,,
GameData_Cards_Name_252,Trunk,Trunk,Trunk,,,
GameData_Cards_Name_253,Gloop,Gloop,Gloop,,,
GameData_Cards_Name_254,Bane,Bane,Bane,,,
GameData_Cards_Name_255,Ztink,Ztink,Ztink,,,
GameData_Cards_Name_256,Brook,Brook,Brook,,,
GameData_Cards_Name_21,Vindrom,捆绑大师,바인드롬,,,
GameData_Cards_Name_132,Goozilla,Goo斯拉,구질라,,,
GameData_Cards_Name_39,Molotov,燃烧瓶,몰로토프,,,
GameData_Cards_Name_136,Igloo,雪屋,이글루,,,
GameData_Cards_Name_49,Znowman,雪怪,즈노우맨,,,
GameData_Cards_Name_65,Zlinger,投火者,즐링어,,,
GameData_Cards_Name_88,Zlider,溜冰小子,즐라이더,,,
GameData_Cards_Name_8,Mountain,魔山,돌산,,,
GameData_Cards_Name_9,Walley,土墙瓦力,돌벽,,,
GameData_Cards_Name_18,Chainsaw,电锯,전기톱,,,
GameData_Cards_Name_22,Shaman,萨满巫师,샤먼,,,
GameData_Cards_Name_23,Puffer,鲜花童子,파퍼,,,
GameData_Cards_Name_27,Cherno-bill,切诺贝尔,체르노빌,,,
GameData_Cards_Name_29,Jetter,洒水车,제터,,,
GameData_Cards_Name_32,Bouncer,对撞机,바운서,,,
GameData_Cards_Name_35,Tiny,小不点,타이니,,,
GameData_Cards_Name_36,Earthshaker,锤哥,어스쉐이커,,,
GameData_Cards_Name_38,Werezomb,火狼,웨어좀,,,
GameData_Cards_Name_42,Z-Virus,Z-病毒,Z-바이러스,,,
GameData_Cards_Name_43,Yggdrazil,乾坤树,이그드라질,,,
GameData_Cards_Name_45,Keeper,饲养员,키퍼,,,
GameData_Cards_Name_46,Zpitter,吐汁怪,즈피터,,,
GameData_Cards_Name_47,Zeeter,大胃王,지터,,,
GameData_Cards_Name_48,Zhatterer,碎冰者,재터러,,,
GameData_Cards_Name_61,Igneouz,火成岩,이그니어즈,,,
GameData_Cards_Name_70,Goo Beaker,goo烧杯,Goo 비커,,,
GameData_Cards_Name_75,Bloomer,花农,블루머,,,
GameData_Cards_Name_85,Zludge,淤泥,즐러지,,,
GameData_Cards_Name_90,Blizzard,暴风雪,블리자드,,,
GameData_Cards_Name_94,Ztormonk,旋风武僧,즈톰몽크,,,
GameData_Cards_Name_96,Draft,征兵官,드래프트,,,
GameData_Cards_Name_97,Monzoon,季风闪电,몬준,,,
GameData_Cards_Name_103,Pyrite,破墙铁,파이라이트,,,
GameData_Cards_Name_104,Gaea,地神盖娅,가이아,,,
GameData_Cards_Name_117,Fresh Meat,鲜肉,생고기,,,
GameData_Cards_Name_143,Gaz,盖兹,가즈,,,
GameData_Cards_Name_145,Crater,火山口,크레이터,,,
GameData_Cards_Name_146,Quazi,钟楼,쿼지,,,
GameData_Cards_Name_148,Zap,树液,잽,,,
GameData_Cards_Name_149,Cactuz,仙人掌,캑터즈,,,
GameData_Cards_Name_150,Zeptic,败血症,젭틱,,,
GameData_Cards_Name_152,Ozmoziz,渗透压,오즈모지즈,,,
GameData_Cards_Name_153,Geyzer,喷泉,게이저,,,
GameData_Cards_Name_133,Znowy,积雪,즈노이,,,
GameData_Cards_Name_128,Wazte,废水,웨이즈트,,,
GameData_Cards_Name_134,Ztalagmite,钟乳石,석순,,,
GameData_Cards_Name_139,Froztbite,冻疮,동상,,,
GameData_Cards_Name_122,Amber,琥珀,앰버,,,
GameData_Cards_Name_126,Germ,细菌,세균,,,
GameData_Cards_Name_91,Breezee,微风,브리지,,,
GameData_Cards_Name_93,Zhocker,电击狂人,자커,,,
GameData_Cards_Name_79,Zlimey,黏液,즐라이미,,,
GameData_Cards_Name_54,Zephyr,冲浪高手,제퍼,,,
GameData_Cards_Name_40,Bat,钉棒,뱃,,,
GameData_Cards_Name_41,Super Serum,超级血清,수퍼 세럼,,,
GameData_Cards_Name_51,Buffer,挡风屏,버퍼,,,
GameData_Cards_Name_52,Whiffer,风行者,위퍼,,,
GameData_Cards_Name_53,Dragger,风暴眼,드래거,,,
GameData_Cards_Name_55,Zyclone,龙卷风,자이클론,,,
GameData_Cards_Name_56,Pebble,飞石,페블,,,
GameData_Cards_Name_58,Protector,保护者,프로텍터,,,
GameData_Cards_Name_60,Defender,守门人,디펜더,,,
GameData_Cards_Name_66,Enrager,怒火冲天,인레이저,,,
GameData_Cards_Name_69,Supply Drop,补给包,보급품 투하,,,
GameData_Cards_Name_71,Junk Spear,喷枪电锯,정크 스피어,,,
GameData_Cards_Name_72,Zed Kit,急救箱,Z-키트,,,
GameData_Cards_Name_77,Planter,园丁,플랜터,,,
GameData_Cards_Name_80,Zcavenger,清道夫,즈캐빈저,,,
GameData_Cards_Name_83,Undying,不死之身,언다잉,,,
GameData_Cards_Name_144,Pit,聚宝坑,핏,,,
GameData_Cards_Name_89,Zub-Zero,冰矛武士,저브 제로,,,
GameData_Cards_Name_102,Groundy,暴躁石,그라운디,,,
GameData_Cards_Name_109,Rager,火翼杀手,레이저,,,
GameData_Cards_Name_110,Alpha,阿尔法,알파,,,
GameData_Cards_Name_111,Volcan,焰雨,볼칸,,,
GameData_Cards_Name_112,Torch,火把,횃불,,,
GameData_Cards_Name_124,Zeeder,播种者,지더,,,
GameData_Cards_Name_125,Blight,禁果,블라이트,,,
GameData_Cards_Name_129,Zlopper,长臂史洛伯,즐로퍼,,,
GameData_Cards_Name_130,Boomer,定时炸弹,부머,,,
GameData_Cards_Name_131,Zteroid,类固醇,즈테로이드,,,
GameData_Cards_Name_135,Vortex,涡流,소용돌이,,,
GameData_Cards_Name_140,Zpring,泉眼,즈프링,,,
GameData_Cards_Name_137,Zplash,水花,즈플래시,,,
GameData_Cards_Name_100,Hardy,泥瓦工,하디,,,
GameData_Cards_Name_84,Polluter,污染源,폴루터,,,
GameData_Cards_Name_63,Firecaller,驭火师,파이어콜러,,,
GameData_Cards_Name_147,Modo,怪人,모도,,,
GameData_Cards_Name_95,Zquall,莫西干,즈콜,,,
GameData_Cards_Name_92,Banshee,报丧女妖,밴쉬,,,
GameData_Cards_Name_20,Shroom,致幻蘑菇,시룸,,,
GameData_Cards_Name_78,Rainz,及时雨,레인즈,,,
GameData_Cards_Name_99,Shale,页岩,셰일,,,
GameData_Cards_Name_107,Firewall,火墙,파이어월,,,
GameData_Cards_Name_86,Hozer,喷水管,호저,,,
GameData_Cards_Name_114,Lawnmower,除草机,잔디깎이,,,
GameData_Cards_Name_243,Rubble,Rubble,Rubble,,,
GameData_Cards_Name_257,Zteam,Zteam,Zteam,,,
GameData_Cards_FlavorText_1,The unfriendly ghost...,来者不善……,The unfriendly ghost...,,,
GameData_Cards_FlavorText_2,Like any adolescent child that wishes you to leave him be... so GO AWAY!!,青春期，不好惹…… 离他远点吧,Like any adolescent child that wishes you to leave him be... so GO AWAY!!,,,
GameData_Cards_FlavorText_5,Addriaaannn!!! Addriaaaaaannnnn!!!,艾黛丽安！艾黛丽安！,Addriaaannn!!! Addriaaaaaannnnn!!!,,,
GameData_Cards_FlavorText_10,He's really into that old Prodigy song... Firestarter...,他超爱 The Prodigy 的歌…… Firestarter……,He's really into that old Prodigy song... Firestarter...,,,
GameData_Cards_FlavorText_19,Beeee yourself!,做自己！,Beeee yourself!,,,
GameData_Cards_FlavorText_33,Resistance is futile --- and we have Zushi,抵抗无效 —— 我们有寿司吃了,Resistance is futile --- and we have Zushi,,,
GameData_Cards_FlavorText_34,Ommmmmmmmmmm,唵唵唵唵唵唵,Ommmmmmmmmmm,,,
GameData_Cards_FlavorText_62,Dodgeball anyone?,躲避球，有人玩吗？,Dodgeball anyone?,,,
GameData_Cards_FlavorText_73,That's the fifth arm he's lost today.,这已经是今天掉的第5只胳膊了。,That's the fifth arm he's lost today.,,,
GameData_Cards_FlavorText_82,From the Shadowzzzz,你在明处，他在暗处,From the Shadowzzzz,,,
GameData_Cards_FlavorText_105,Hermes has NOTHING on him,赫耳墨斯没穿翼靴！,Hermes has NOTHING on him,,,
GameData_Cards_FlavorText_106,Makes every BBQ a hoot!,炭火烧烤来一串！,Makes every BBQ a hoot!,,,
GameData_Cards_FlavorText_113,Psssshhhhhhhhhhh,噗呲呲呲呲呲呲呲呲呲,Psssshhhhhhhhhhh,,,
GameData_Cards_FlavorText_101,Supressing all those emotions does have its price...,控制住所有情绪真的会有副作用……,Supressing all those emotions does have its price...,,,
GameData_Cards_FlavorText_118,No more BRAINZZZZZ,没有脑子！！！,No more BRAINZZZZZ,,,
GameData_Cards_FlavorText_119,When you REALLY want to level (with) someone,当你真的很想和别人站在同一水平线上……,When you REALLY want to level (with) someone,,,
GameData_Cards_FlavorText_121,"Out, OUT...GET OUT!!!",出，出……出去啊！！,"Out, OUT...GET OUT!!!",,,
GameData_Cards_FlavorText_127,Wha'ch yu lookin at' ?!,你瞅啥？！,Wha'ch yu lookin at' ?!,,,
GameData_Cards_FlavorText_141,"Sometimes pukes a little in his mouth from all the spinning, but keeps a scary face!",虽然有时转晕了会吐，但是吓人的表情不能崩！,"Sometimes pukes a little in his mouth from all the spinning, but keeps a scary face!",,,
GameData_Cards_FlavorText_151,Almost reached the Goo-Anonymous meeting - almost...,马上就到达 Goo 匿名大会了……马上……,Almost reached the Goo-Anonymous meeting - almost...,,,
GameData_Cards_FlavorText_115,Friendly neighborhood shovel!,只是一只友善的邻家铁锹！！,Friendly neighborhood shovel!,,,
GameData_Cards_FlavorText_249,Great against legendary sea creatures,Great against legendary sea creatures,Great against legendary sea creatures,,,
GameData_Cards_FlavorText_154,Thank you for your service!,我们会怀念你的！,Thank you for your service!,,,
GameData_Cards_FlavorText_57,Time is our greatest adversary,时间是我们最大的对手,Time is our greatest adversary,,,
GameData_Cards_FlavorText_76,Guess who's back?,猜猜谁回来了？,Guess who's back?,,,
GameData_Cards_FlavorText_68,"Get over here, STAT!",过来，立即马上！,"Get over here, STAT!",,,
GameData_Cards_FlavorText_11,"So he likes all the pretty bright colors, can you blame him?",就喜欢亮瞎眼的颜色，怪他咯？,"So he likes all the pretty bright colors, can you blame him?",,,
GameData_Cards_FlavorText_12,"Hot, so very hot - all the time!",好热，好热，一直都好热！,"Hot, so very hot - all the time!",,,
GameData_Cards_FlavorText_13,(sing) Under pressure... coming down on you...,（唱）Under pressure... coming down on you...,(sing) Under pressure... coming down on you...,,,
GameData_Cards_FlavorText_14,"There's always an aftershock, duck twice",火势未平，注意避让！,"There's always an aftershock, duck twice",,,
GameData_Cards_FlavorText_15,"No pain, no gain.",不痛能好？,"No pain, no gain.",,,
GameData_Cards_FlavorText_16,When you really want to nail it!,当你真的想搞“钉”它的时候！,When you really want to nail it!,,,
GameData_Cards_FlavorText_17,Adding more goo to an already overly-goo-ed party is just too goo-d!,给这个派对再加点料，让它更燃！,Adding more goo to an already overly-goo-ed party is just too goo-d!,,,
GameData_Cards_FlavorText_123,Worse than its bite!,快被它咬坏了啊！,Worse than its bite!,,,
GameData_Cards_FlavorText_67,I AM THE CHAMPION - my friend!! ME - ONLY ME!!!,我才是冠军 —— 朋友们！！只有我配！！！,I AM THE CHAMPION - my friend!! ME - ONLY ME!!!,,,
GameData_Cards_FlavorText_24,"Just like any frat boy, after the Friday night bash - bloated, gassy, puking and generally unpleasant to be around...",他就像周五狂欢后的那个小子 —— 鼓着肚皮、酒气熏天、时不时还呕吐，待在他旁边肯定不舒服……,"Just like any frat boy, after the Friday night bash - bloated, gassy, puking and generally unpleasant to be around...",,,
GameData_Cards_FlavorText_25,"Being dead has its perks, but in this case time and humidity has not been kind - the rotting flesh is literally sapping off the bone on this one.",当死人还是有好处的，只是这次时间湿度都不太友好 —— 腐肉已经开始侵蚀骨头了。,"Being dead has its perks, but in this case time and humidity has not been kind - the rotting flesh is literally sapping off the bone on this one.",,,
GameData_Cards_FlavorText_28,It would be a-lot Izzier if you just stay put!,呆在原地不动的话，会更冷的！,It would be a-lot Izzier if you just stay put!,,,
GameData_Cards_FlavorText_98,Just a few more moments...,稍稍再等一会儿……,Just a few more moments...,,,
GameData_Cards_FlavorText_31,"Bringing a nice, big shower, cleaning an entire city at a time.",召唤一场大雨，瞬间清洗整个城市。,"Bringing a nice, big shower, cleaning an entire city at a time.",,,
GameData_Cards_FlavorText_116,Silly fun times... until someone loses an eye or a head!,真好玩……直到有人失去一只眼睛或者他的头！,Silly fun times... until someone loses an eye or a head!,,,
GameData_Cards_FlavorText_50,Almost as good as a fortune cookie... minus the cookie,差不多和福饼一样灵验……只是没有饼……,Almost as good as a fortune cookie... minus the cookie,,,
GameData_Cards_FlavorText_44,"Hungry, always so very hungry",好饿好饿好饿，每天都好饿,"Hungry, always so very hungry",,,
GameData_Cards_FlavorText_59,Standing really still... maybe they won't notice,站直了……说不定他们就注意不到了,Standing really still... maybe they won't notice,,,
GameData_Cards_FlavorText_3,Thor's best student just got a little angrier...,雷神大弟子要发飙了……,Thor's best student just got a little angrier...,,,
GameData_Cards_FlavorText_4,From mount Zolympus in the sky - fear Ze-might of ZeuZ!,来自天上的奥林匹斯山 —— 威力无边，敬畏吧！,From mount Zolympus in the sky - fear Ze-might of ZeuZ!,,,
GameData_Cards_FlavorText_7,"One more step, just one more step!",有本事再靠近一步！,"One more step, just one more step!",,,
GameData_Cards_FlavorText_138,He just looooves his icy skewer,他就是喜欢冰糖葫芦串,He just looooves his icy skewer,,,
GameData_Cards_FlavorText_26,"Being cooped up inside a plastic suit is no fun - now multiple this by 1,000 with all the extra gases, something's gotta give...",套在塑料制服里可不是好玩的 —— 再加上那些毒气，那感觉得难受1000倍，得找地方撒撒气了……,"Being cooped up inside a plastic suit is no fun - now multiple this by 1,000 with all the extra gases, something's gotta give...",,,
GameData_Cards_FlavorText_30,How he loves decorating with ice sculptures... Everywhere!,他就喜欢用冰雕装饰一切！,How he loves decorating with ice sculptures... Everywhere!,,,
GameData_Cards_FlavorText_37,It's ALWAYS a party of three.,三个臭皮匠，顶个诸葛亮。,It's ALWAYS a party of three.,,,
GameData_Cards_FlavorText_64,"Red eyes - check! Foam in mouth - check! Shaking - check! Here, take an advil.",眼睛发红 —— 确认！唾液过多 —— 确认！身体颤抖 —— 确认！快，吃片止痛药。,"Red eyes - check! Foam in mouth - check! Shaking - check! Here, take an advil.",,,
GameData_Cards_FlavorText_74,Need a hand?,需要（帮）手吗？,Need a hand?,,,
GameData_Cards_FlavorText_142,RAZENGAAAAAAAA!!!,螺——旋——丸——！！,RAZENGAAAAAAAA!!!,,,
GameData_Cards_FlavorText_81,Come closer... it's never too close,来，靠近点，再近点……,Come closer... it's never too close,,,
GameData_Cards_FlavorText_87,"When grabbed - sing: ""let it go, let it go..""","被抓住时，记得要唱：“let it go, let it go..”哦","When grabbed - sing: ""let it go, let it go..""",,,
GameData_Cards_FlavorText_239,"Up, up, and away!","Up, up, and away!","Up, up, and away!",,,
GameData_Cards_FlavorText_240,"Yells so loud, nobody wants to come near it","Yells so loud, nobody wants to come near it","Yells so loud, nobody wants to come near it",,,
GameData_Cards_FlavorText_241,Likes to kill-steal,Likes to kill-steal,Likes to kill-steal,,,
GameData_Cards_FlavorText_108,Some just like it hot!,有些人就是喜欢被烫嘴！,Some just like it hot!,,,
GameData_Cards_FlavorText_120,Zeeee... peski littl-- oh its you?!,真是个讨——噢是你啊——人喜欢的小可爱,Zeeee... peski littl-- oh its you?!,,,
GameData_Cards_FlavorText_242,To dust you shall return!,To dust you shall return!,To dust you shall return!,,,
GameData_Cards_FlavorText_6,mmMMWhaaaaat?,额，什么么么么？,mmMMWhaaaaat?,,,
GameData_Cards_FlavorText_244,What happens when an unstoppable force meets an immovable object?,What happens when an unstoppable force meets an immovable object?,What happens when an unstoppable force meets an immovable object?,,,
GameData_Cards_FlavorText_246,"Ready, get set... Go!","Ready, get set... Go!","Ready, get set... Go!",,,
GameData_Cards_FlavorText_247,Just as it says on the tin,Just as it says on the tin,Just as it says on the tin,,,
GameData_Cards_FlavorText_248,When you need a little extra firepower,When you need a little extra firepower,When you need a little extra firepower,,,
GameData_Cards_FlavorText_250,An empty shell of what it was,An empty shell of what it was,An empty shell of what it was,,,
GameData_Cards_FlavorText_251,Make like a tree -- and leave!,Make like a tree -- and leave!,Make like a tree -- and leave!,,,
GameData_Cards_FlavorText_252,"If a tree falls in a forest and no one is around to hear it, does it make a sound?","If a tree falls in a forest and no one is around to hear it, does it make a sound?","If a tree falls in a forest and no one is around to hear it, does it make a sound?",,,
GameData_Cards_FlavorText_253,Blub...blub...blub,Blub...blub...blub,Blub...blub...blub,,,
GameData_Cards_FlavorText_254,Occasionally can't tell friend from foe,Occasionally can't tell friend from foe,Occasionally can't tell friend from foe,,,
GameData_Cards_FlavorText_255,Can't figure out why it's got no friends,Can't figure out why it's got no friends,Can't figure out why it's got no friends,,,
GameData_Cards_FlavorText_256,All tidal waves must start from a single drop,All tidal waves must start from a single drop,All tidal waves must start from a single drop,,,
GameData_Cards_FlavorText_21,BDSM much?!,好像有点太刺激了？！,BDSM much?!,,,
GameData_Cards_FlavorText_132,"More, more, MORE GOO! Bring me ALL the GOO",更多，更多，更多的 GOO！把所有 GOO 都给我！,"More, more, MORE GOO! Bring me ALL the GOO",,,
GameData_Cards_FlavorText_39,Not suitable for n00bs and lightweights,不适合小白和轻量级选手,Not suitable for n00bs and lightweights,,,
GameData_Cards_FlavorText_136,The cold never bothered him anyway,寒冷再也不能烦扰他了,The cold never bothered him anyway,,,
GameData_Cards_FlavorText_49,Maybe the snow does have some magical power?! But not yellow snow...,也许雪真的有魔力？！但黄雪肯定没有……,Maybe the snow does have some magical power?! But not yellow snow...,,,
GameData_Cards_FlavorText_65,Ohhh snap!! He got'cha good,咔嚓！！投中了,Ohhh snap!! He got'cha good,,,
GameData_Cards_FlavorText_88,Loves skating so so much!,太喜欢溜冰了！,Loves skating so so much!,,,
GameData_Cards_FlavorText_8,When the mountain comes to you... you'll run!,山不过来，我就过去。山若过来……那就快跑哇！,When the mountain comes to you... you'll run!,,,
GameData_Cards_FlavorText_9,Eeeeeeva,伊伊伊伊娃,Eeeeeeva,,,
GameData_Cards_FlavorText_18,"Cutting through flesh, bone and even steel, it's easy to see why this is a fan-favorite!",别说骨肉，就连钢铁都能锯，难怪人见人爱！,"Cutting through flesh, bone and even steel, it's easy to see why this is a fan-favorite!",,,
GameData_Cards_FlavorText_22,"Dancing around a fire alone is a hoot, but bringing all your dead friends to join is a party!",篝火独舞有点好笑，把死去的朋友全都叫来才叫好玩！,"Dancing around a fire alone is a hoot, but bringing all your dead friends to join is a party!",,,
GameData_Cards_FlavorText_23,All the pretty pretty flowers,我的那些花儿,All the pretty pretty flowers,,,
GameData_Cards_FlavorText_27,"Lumbering around in a world made of butter gets old real fast, maybe that's why he's sooo angry!",在黄油做成的世界里，步履蹒跚，老得很快，也许就是他暴躁的原因。,"Lumbering around in a world made of butter gets old real fast, maybe that's why he's sooo angry!",,,
GameData_Cards_FlavorText_29,Most welcomed during hot summer days on the busy city streets.,炎炎夏日的城市街头，备受欢迎。,Most welcomed during hot summer days on the busy city streets.,,,
GameData_Cards_FlavorText_32,From a young age he just loves to bounce things - especially rocks... on other rocks...,从小他就喜欢撞东西 —— 尤其喜欢用石头撞石头……,From a young age he just loves to bounce things - especially rocks... on other rocks...,,,
GameData_Cards_FlavorText_35,Cooookie... just one more cooookie...,饼干……再来块饼干……,Cooookie... just one more cooookie...,,,
GameData_Cards_FlavorText_36,Will break ALL your WALLS!!,会锤烂你所有盾墙！,Will break ALL your WALLS!!,,,
GameData_Cards_FlavorText_38,"Stop, stop, stop, shh-shh, you'll cause a howl",停停停，你会把狼招来的,"Stop, stop, stop, shh-shh, you'll cause a howl",,,
GameData_Cards_FlavorText_42,There ain't no party like a Z-Virus party!,宇宙无敌，Z-Virus 派对！,There ain't no party like a Z-Virus party!,,,
GameData_Cards_FlavorText_43,"In this case, lots of strings attached!!",在这样的情况下，我有许多羁绊牵挂！！,"In this case, lots of strings attached!!",,,
GameData_Cards_FlavorText_45,They are usually such lovely beasts...,他们通常都是可爱的动物……,They are usually such lovely beasts...,,,
GameData_Cards_FlavorText_46,Llama in my living room... bam ba balalam babam ba ba...,我家有只大羊驼……呸呸呸……,Llama in my living room... bam ba balalam babam ba ba...,,,
GameData_Cards_FlavorText_47,"Nam, naam nam nam namm nam...",吧唧吧唧吧唧……,"Nam, naam nam nam namm nam...",,,
GameData_Cards_FlavorText_48,So the other day Gargantua asked for a toothpick.. and it needs to be really cold to actually work...,那天熔岩巨人要根牙签……得超级冰才能用……,So the other day Gargantua asked for a toothpick.. and it needs to be really cold to actually work...,,,
GameData_Cards_FlavorText_61,"Mmmm, nothing like the smell of fresh cinder and ash in the morning",嗯～什么都无法和早晨新鲜的煤渣和灰烬味道相比,"Mmmm, nothing like the smell of fresh cinder and ash in the morning",,,
GameData_Cards_FlavorText_70,"So much goo, so little space",goo 太多，瓶太少,"So much goo, so little space",,,
GameData_Cards_FlavorText_75,Fertilizing the flowers on an hourly basis,每隔一小时都必须给花施次肥,Fertilizing the flowers on an hourly basis,,,
GameData_Cards_FlavorText_85,"Bring it, bring It, BRING IT ON!!!",来吧，放马过来！！,"Bring it, bring It, BRING IT ON!!!",,,
GameData_Cards_FlavorText_90,"If you can't join them, FREEZE them!",无法加入他们，那就冻结他们！,"If you can't join them, FREEZE them!",,,
GameData_Cards_FlavorText_94,Just be a good sentinel and -,做一个好哨兵，然后——,Just be a good sentinel and -,,,
GameData_Cards_FlavorText_96,Not your father... hopefully,不是你的爸爸……希望如此……,Not your father... hopefully,,,
GameData_Cards_FlavorText_97,Shock therapy does work wonders,电击疗法真是太有效了,Shock therapy does work wonders,,,
GameData_Cards_FlavorText_103,Angry enough to go though a WALL!,气得我要穿墙了！,Angry enough to go though a WALL!,,,
GameData_Cards_FlavorText_104,"Either super charismatic, or super scary... or both.",或者魅力无穷，或者惊悚无比……或者两者兼备,"Either super charismatic, or super scary... or both.",,,
GameData_Cards_FlavorText_117,As if they died again and went to creature heaven,就像他们又死了一次，然后去了生物天堂,As if they died again and went to creature heaven,,,
GameData_Cards_FlavorText_143,"No, no, no no, not a hamster, not a hamster ball....",不，不，不，不要是小仓鼠，不要是圆滚滚的仓鼠球啊……,"No, no, no no, not a hamster, not a hamster ball....",,,
GameData_Cards_FlavorText_145,Try to veer from his major crater issues... it may goo deeeeep,尝试解决他那火山表面的皮肤……但坑怎么越来越深,Try to veer from his major crater issues... it may goo deeeeep,,,
GameData_Cards_FlavorText_146,Has a great fascination with church bells...,念念不忘那教堂钟声，必有回响……,Has a great fascination with church bells...,,,
GameData_Cards_FlavorText_148,"Can't get enough of that goo, ever",永远也吃不腻那美味的 Goo 呀,"Can't get enough of that goo, ever",,,
GameData_Cards_FlavorText_149,"And so he walked the desert for 40 years, only to find he's been walking in circles....",在沙漠里走了 40 年后，他终于发现自己一直在绕圈走……,"And so he walked the desert for 40 years, only to find he's been walking in circles....",,,
GameData_Cards_FlavorText_150,After four steps he gave up on the straight line and started puking,走了四步之后，他终于放弃走直线，直接开始吐了,After four steps he gave up on the straight line and started puking,,,
GameData_Cards_FlavorText_152,He always loved to tell a goo story,他总是喜欢说些 Goo 的段子,He always loved to tell a goo story,,,
GameData_Cards_FlavorText_153,Not in the mood for dancing...,现在没有跳舞的心情……,Not in the mood for dancing...,,,
GameData_Cards_FlavorText_133,eeeehhehehehe,诶嘿嘿诶嘿嘿嘿嘿,eeeehhehehehe,,,
GameData_Cards_FlavorText_128,Smells like goo spirit,闻起来真醒神,Smells like goo spirit,,,
GameData_Cards_FlavorText_134,He remembers the north,他还记得北境,He remembers the north,,,
GameData_Cards_FlavorText_139,He's been trying to get out for a millennia - thank you global warming!!,他已经花了一千年尝试逃出来——全球变暖，感谢你！！,He's been trying to get out for a millennia - thank you global warming!!,,,
GameData_Cards_FlavorText_122,Literally a walking museum,真·行走的博物馆,Literally a walking museum,,,
GameData_Cards_FlavorText_126,Ploop... oh.. there goes another arm...,呲溜……噢……这只手臂也没了……,Ploop... oh.. there goes another arm...,,,
GameData_Cards_FlavorText_91,Levitating - not as easy as you'd think...,保持平衡——没有你想象得那么容易……,Levitating - not as easy as you'd think...,,,
GameData_Cards_FlavorText_93,Getting jiggy with it,呲啦呲啦……噼里啪啦……大家一起来跳舞……,Getting jiggy with it,,,
GameData_Cards_FlavorText_79,Likes to sprinkle toxic goo on EVERYTHING,喜欢到处撒毒goo,Likes to sprinkle toxic goo on EVERYTHING,,,
GameData_Cards_FlavorText_54,Do you want to buy AIR for a penny??,一分钱换空气，要不要？？,Do you want to buy AIR for a penny??,,,
GameData_Cards_FlavorText_40,Simple but soooo effective,简单，但是超好用,Simple but soooo effective,,,
GameData_Cards_FlavorText_41,Captain Zamberica - here we goo!!,队长，goo来了！！,Captain Zamberica - here we goo!!,,,
GameData_Cards_FlavorText_51,Be like the water - only with air,像水一样 —— 虽然只是风,Be like the water - only with air,,,
GameData_Cards_FlavorText_52,Get back here,快回来,Get back here,,,
GameData_Cards_FlavorText_53,There's more where this came from!,源头处还有更多！,There's more where this came from!,,,
GameData_Cards_FlavorText_55,A little anti-social... with a dash of anger issues,有点反社会……愤怒管理上有问题,A little anti-social... with a dash of anger issues,,,
GameData_Cards_FlavorText_56,Always forgets his head... everywhere...,老是忘记带脑子……走哪丢哪……,Always forgets his head... everywhere...,,,
GameData_Cards_FlavorText_58,Always use protection,一直都要用保护措施哦,Always use protection,,,
GameData_Cards_FlavorText_60,Forecast was clear skies... no one said fireball shower,天气预报说是晴天的……没人说要下火球啊,Forecast was clear skies... no one said fireball shower,,,
GameData_Cards_FlavorText_66,"Don't get him angry, you won't like him when he's angry.",可别惹他生气，他要是发作，你可招架不住。,"Don't get him angry, you won't like him when he's angry.",,,
GameData_Cards_FlavorText_69,Geronimo!,杰罗尼莫 ！,Geronimo!,,,
GameData_Cards_FlavorText_71,Where have I seen this contraption rising 4 times before?,之前在哪儿见过这个玩意儿4次？,Where have I seen this contraption rising 4 times before?,,,
GameData_Cards_FlavorText_72,Mending broken limbs since 1888,1888年就开始救死扶伤了,Mending broken limbs since 1888,,,
GameData_Cards_FlavorText_77,His buddy Jack would be proud,兄弟杰克会以他为荣,His buddy Jack would be proud,,,
GameData_Cards_FlavorText_80,A beton nya mombay m'bwa!,是我的，全都是我的！,A beton nya mombay m'bwa!,,,
GameData_Cards_FlavorText_83,"The best survival tactic: ""never give up""",最佳生存策略：“永不放弃”,"The best survival tactic: ""never give up""",,,
GameData_Cards_FlavorText_144,Hard to save every drop with all the spillage,一滴都不能撒,Hard to save every drop with all the spillage,,,
GameData_Cards_FlavorText_89,Hates pointing things out...,哎呀，真不想指出来……,Hates pointing things out...,,,
GameData_Cards_FlavorText_102,"Saturday... again?! 
This cycle is getting on my nerves","又到周六了？！
 这个循环真的让我心态崩了","Saturday... again?! 
This cycle is getting on my nerves",,,
GameData_Cards_FlavorText_109,Always dreamed of being Superman...,从小就想变成超人……,Always dreamed of being Superman...,,,
GameData_Cards_FlavorText_110,Let's huddle up and do a howl,来，靠拢，一起嚎叫,Let's huddle up and do a howl,,,
GameData_Cards_FlavorText_111,Loves to make it rain... RAIN of FIRE!,下雨天和……火焰更配呢！,Loves to make it rain... RAIN of FIRE!,,,
GameData_Cards_FlavorText_112,Bringing out the pyro-enthusiast in all of us,你喷的火，是我的造型,Bringing out the pyro-enthusiast in all of us,,,
GameData_Cards_FlavorText_124,You reap what you sow,种豆得豆，种手得手,You reap what you sow,,,
GameData_Cards_FlavorText_125,If you plant it they will come... with a bang,如果你播下种子……丰收时会得到一个王炸,If you plant it they will come... with a bang,,,
GameData_Cards_FlavorText_129,What a dragggg...,拖着累死了……,What a dragggg...,,,
GameData_Cards_FlavorText_130,Wants to share his LOVE with everyone - free hugs?!?,想要和所有人分享爱——来一个抱抱吗？！？,Wants to share his LOVE with everyone - free hugs?!?,,,
GameData_Cards_FlavorText_131,"Needs to flee from his fans, as they want his delicious insides",需要离他的粉丝远一些，因为他们都觊觎着他的“内在美”,"Needs to flee from his fans, as they want his delicious insides",,,
GameData_Cards_FlavorText_135,"ERR, never really be satisfied...",啊啊啊，永远都不满意……,"ERR, never really be satisfied...",,,
GameData_Cards_FlavorText_140,Can never have enough goo... here take a sip,多少 goo 都不够……来尝一口吧,Can never have enough goo... here take a sip,,,
GameData_Cards_FlavorText_137,"Hey gang, watch how I mow these chumps!",嘿，伙计，看我怎么收拾这帮呆子！,"Hey gang, watch how I mow these chumps!",,,
GameData_Cards_FlavorText_100,"This will BE, the preetiest castle in all the land!",这将会是，世界上最漂亮的城堡！,"This will BE, the preetiest castle in all the land!",,,
GameData_Cards_FlavorText_84,Spreading goo to a faucet near you,把goo蔓延到你家附近的水源,Spreading goo to a faucet near you,,,
GameData_Cards_FlavorText_63,Is it a vision of the future or another dimension? Who knows?!,是对未来还是对另一个维度的展望？谁知道呢？,Is it a vision of the future or another dimension? Who knows?!,,,
GameData_Cards_FlavorText_147,JuuuZZZt WaNt a LiTtlE hUgGG...,抱一抱呀那个抱一抱……,JuuuZZZt WaNt a LiTtlE hUgGG...,,,
GameData_Cards_FlavorText_95,Not even close to Texas anymore,出了德州怎么风还那么大,Not even close to Texas anymore,,,
GameData_Cards_FlavorText_92,Booked until next year in haunted houses everywhere,不好意思，今年鬼屋的行程已经订满了,Booked until next year in haunted houses everywhere,,,
GameData_Cards_FlavorText_20,"Some like to grow flowers, others grow hallucinogenic poison mushrooms...",有些人喜欢种花，有些人就喜欢种致幻毒蘑菇……,"Some like to grow flowers, others grow hallucinogenic poison mushrooms...",,,
GameData_Cards_FlavorText_78,Make it R-A-A-I-N-Z!!!,下雨吧！！！,Make it R-A-A-I-N-Z!!!,,,
GameData_Cards_FlavorText_99,Thatta boy!,伙计真棒！,Thatta boy!,,,
GameData_Cards_FlavorText_107,Having a pyromaniac on the battlefield does come in handy,战场上有个喜欢纵火的家伙真是帮大忙了,Having a pyromaniac on the battlefield does come in handy,,,
GameData_Cards_FlavorText_86,"The undefeated spitting world champion, can hit a squirrel from 100ft",这位喷水界的东方不败，30米开外的小松鼠都能准确击中,"The undefeated spitting world champion, can hit a squirrel from 100ft",,,
GameData_Cards_FlavorText_114,It can handle both plants and creatures... wait what?,它能处理植物——和生物……等等，什么？！,It can handle both plants and creatures... wait what?,,,
GameData_Cards_FlavorText_243,Finds pieces of itself all over the battlefield,Finds pieces of itself all over the battlefield,Finds pieces of itself all over the battlefield,,,
GameData_Cards_FlavorText_257,Its name is a paradox,Its name is a paradox,Its name is a paradox,,,
GameData_Cards_Description_2,<b>Entry:</b> Return a creature to its owner's hand.,<b>入场：</b>将1个生物返回所有者的手牌里。,<b>입장:</b> 크리처 하나를 주인에게 돌려보낸다.,,,
GameData_Cards_Description_5,<b>Entry:</b> Give an ally creature +2 Def.,<b>入场：</b>给1个同盟生物 +2 防御值。,<b>입장:</b> 아군 크리처에 방어력을 2만큼 더한다.,,,
GameData_Cards_Description_19,<b>Entry:</b> Put a copy of this into play.,<b>入场：</b> 将一张同样的卡牌投入。,<b>입장:</b> 이 카드의 복제본을 플레이에 넣는다.,,,
GameData_Cards_Description_33,<b>Entry:</b> Take control of a random enemy creature.,<b>入场：</b> 控制任意一个敌方生物。,<b>입장:</b> 임의의 적 크리처의 제어권을 가져온다.,,,
GameData_Cards_Description_34,<b>Entry:</b> Reduce the cost of a random card in your hand by 1.,<b>入场：</b>手牌中随机一张牌的成本减少 1 。,<b>입장:</b> 플레이어의 손에 있는 임의의 카드의 비용을 1만큼 줄인다.,,,
GameData_Cards_Description_62,<b>Entry:</b> Give an ally creature +2 Atk.,<b>入场：</b>给一个同盟生物 +2 攻击值。,<b>입장:</b> 아군 크리처에 공격력을 2만큼 더한다.,,,
GameData_Cards_Description_82,"<b>Feral</b>, <b>Destroy</b>",<b>野性</b>、<b>摧毁</b>,"<b>야생</b>, <b>파괴</b>",,,
GameData_Cards_Description_105,<b>Feral</b>,<b>野性</b>,<b>야생</b>,,,
GameData_Cards_Description_106,<b>Feral</b>,<b>野性</b>,<b>야생</b>,,,
GameData_Cards_Description_113,<b>Entry:</b> Freeze all enemy creatures.,<b>入场：</b> 冻结所有敌方生物。,<b>입장:</b> 모든 적 크리처를 얼린다.,,,
GameData_Cards_Description_118,Gain control of an enemy creature.,控制一个敌方生物。,적 크리처 1기의 제어권을 가져온다.,,,
GameData_Cards_Description_119,Destroy all creatures in play.,摧毁场上的所有生物。,플레이 중인 모든 크리처를 파괴한다.,,,
GameData_Cards_Description_121,<b>Entry:</b> Put a copy of this into play.,<b>入场：</b> 将一张同样的卡牌投入。,<b>입장:</b> 이 카드의 복제본을 플레이에 넣는다.,,,
GameData_Cards_Description_127,<b>Entry:</b> Lose 1 Goo Bottle.,<b>入场：</b> 失去 1 个 goo 瓶。,<b>입장:</b> Goo 병 1개를 잃는다.,,,
GameData_Cards_Description_141,<b>Entry:</b> Return all other creatures to their owners.,<b>入场：</b> 将所有其他生物返回其所有者。,<b>입장:</b> 다른 모든 크리처들을 주인들에게 돌려보낸다.,,,
GameData_Cards_Description_151,<b>Entry:</b> Lose 2 goo bottles.,<b>入场：</b>失去 2 个 goo 瓶。,<b>입장:</b> Goo 병 2개를 잃는다.,,,
GameData_Cards_Description_115,<b>Select:</b> Deal 3 damage OR Restore +3 Def.,<b>选择：</b> 造成 3 点伤害，或恢复 +3 防御值。,<b>선택:</b> 데미지 3을 입히거나 방어력 3을 회복한다.,,,
GameData_Cards_Description_249,6 damage to an enemy,对一个敌人造成 6 点伤害,적에게 데미지 6을 입힌다.,,,
GameData_Cards_Description_154,Deal 2 damage to all enemy creatures.,对所有敌方生物造成 2 点伤害。,모든 적 크리처에 데미지 2를 입힌다.,,,
GameData_Cards_Description_57,"<b>Heavy, Death:</b> Draw a card",<b>重型、死亡：</b> 抽一张牌,"<b>헤비, 죽음:</b> 카드를 뽑는다.",,,
GameData_Cards_Description_76,<b>Death:</b> Shuffle this card into your deck.,<b>死亡：</b> 将此卡牌返回你的卡组。,<b>죽음:</b> 이 카드를 플레이어의 덱에 섞는다.,,,
GameData_Cards_Description_68,Draw a card.,抽一张牌。,카드를 뽑는다.,,,
GameData_Cards_Description_12,<b>Entry:</b> Deal 4 damage to an enemy.,<b>入场：</b> 对一个敌人造成 4 点伤害。,<b>입장:</b> 적 1기에 데미지 4를 입힌다.,,,
GameData_Cards_Description_13,<b>Entry:</b> Deal 8 damage to an enemy.,<b>入场：</b>对一个敌人造成 8 点伤害。,<b>입장:</b> 적 1기에 데미지 8을 입힌다.,,,
GameData_Cards_Description_14,<b>Flash</b>,<b>闪击</b>,<b>플래시</b>,,,
GameData_Cards_Description_15,Give a creature +4 Def.,给一个生物 +4 防御值。,크리처에 방어력 4를 더한다.,,,
GameData_Cards_Description_16,Deal 5 damage to a creature and creatures adjacent to it.,对一个生物及其相邻的生物造成 5 点伤害。,대상 크리처 및 인접 크리처들에 데미지 5를 입힌다.,,,
GameData_Cards_Description_17,Get 2 empty Goo Bottles.,获得 2 个空 goo 瓶。,빈 Goo 병을 2개 얻는다.,,,
GameData_Cards_Description_67,<b>Entry:</b> Give an ally creature +5 Atk.,<b>入场：</b> 给一个同盟生物 +5 攻击值。,<b>입장:</b> 아군 크리처에 공격력을 5만큼 더한다.,,,
GameData_Cards_Description_25,<b>Attack:</b> Deal 3 damage to your Champion.,<b>攻击：</b> 对你的英雄造成 3 点伤害。,<b>공격:</b> 플레이어의 챔피언에 데미지 3을 입힌다.,,,
GameData_Cards_Description_28,Freeze creatures this damages.,冻结被此攻击的生物。,데미지를 입힐 크리처를 얼린다.,,,
GameData_Cards_Description_98,<b>Heavy</b>,<b>重型</b>,<b>헤비</b>,,,
GameData_Cards_Description_31,<b>Entry:</b> Deal 5 damage to all enemy creatures.,<b>入场：</b>对所有敌方生物造成 5 点伤害。,<b>입장:</b> 모든 적 크리처들에 데미지 5를 입힌다.,,,
GameData_Cards_Description_116,Give a creature <b>Swing</b>.,给一个生物<b>溅伤</b>技能。,크리처에 <b>진동</b> 능력을 부여한다.,,,
GameData_Cards_Description_50,<b>Death:</b> Draw a card for every ally creature in play.,<b>死亡：</b>抽与场上同盟生物数量相等张数的牌。,<b>죽음:</b> 플레이 중인 아군 크리처 하나당 카드 하나를 뽑는다.,,,
GameData_Cards_Description_44,"While this is in play, ally creatures get +1 Atk.",当此牌在场上时，所有同盟生物获得 +1 攻击值。,"이 카드가 플레이 중일 때, 아군 크리처들의 공격력이 1 증가한다.",,,
GameData_Cards_Description_59,"While this is in play, deal 2 damage to creatures that attack this.",当此牌在场上时，对所有攻击此的生物造成 2 点伤害。,"이 카드가 플레이 중일 때, 이 카드를 공격하는 크리처들에 데미지 2를 입힌다.",,,
GameData_Cards_Description_3,<b>Death:</b> Both players draw 2 cards.,<b>死亡：</b>双方玩家抽 2 张牌。,<b>죽음:</b> 두 플레이어가 2장씩 카드를 뽑는다.,,,
GameData_Cards_Description_4,<b>End:</b> Deal 2 damage to all enemy creatures.,<b>回合结束：</b> 对所有敌方生物造成 2 点伤害。,<b>마침:</b> 모든 적 크리처에 데미지 2를 입힌다.,,,
GameData_Cards_Description_7,<b>Entry:</b> Give a creature <b>Heavy</b>.,<b>入场：</b>给一个生物<b>重型</b>技能。,<b>입장:</b> 크리처에 <b>헤비</b> 능력을 부여한다.,,,
GameData_Cards_Description_138,<b>Entry:</b> Destroy an enemy creature with a higher cost than this.,<b>入场：</b>摧毁一个比此生物成本更高的敌方生物。,<b>입장:</b> 이 카드보다 더 높은 비용을 가진 적 크리처 1기를 파괴한다.,,,
GameData_Cards_Description_26,<b>Entry:</b> Give an ally creature <b>Destroy</b>.,<b>入场：</b>给一个同盟生物<b>摧毁</b>技能。,<b>입장:</b> 아군 크리처에 <b>파괴</b> 능력을 부여한다.,,,
GameData_Cards_Description_30,<b>Entry:</b> <b>Freeze</b> an enemy creature and those adjacent to it.,<b>入场：</b><b>冻结</b>一个敌方生物及其相邻生物。,<b>입장:</b> 대상 적 크리처 및 인접 크리처들을 <b>얼린다</b>.,,,
GameData_Cards_Description_37,<b>Swing</b>,<b>溅伤</b>,<b>진동</b>,,,
GameData_Cards_Description_64,<b>Entry:</b> Deal 1 damage to all other creatures.,<b>入场：</b>对所有其他生物造成 1 点伤害。,<b>입장:</b> 다른 모든 크리처들에 데미지 1을 입힌다.,,,
GameData_Cards_Description_74,<b>Entry:</b> Give an ally creature +3/+3.,<b>入场：</b>给一个同盟生物 +3/+3 攻击/防御值。,<b>입장:</b> 아군 크리처에 공격력과 방어력을 3만큼 더한다.,,,
GameData_Cards_Description_142,<b>Entry:</b> Get a Goo Bottle this turn.,<b>入场：</b> 本回合获得一个 goo 瓶。,<b>입장:</b> 이번 턴에 Goo 병을 1개 얻는다.,,,
GameData_Cards_Description_81,"<b>Destroy</b>, while this is in play, your creatures cost 2 more.",<b>摧毁</b>，当此牌在场上时，你的生物成本增加 2 。,"<b>파괴</b>, 이 카드가 플레이 중일 때, 플레이어의 크리처들의 비용이 2만큼 증가한다.",,,
GameData_Cards_Description_239,<b>Entry:</b> Draw a card.,<b>入场：</b>抽一张牌。,<b>입장:</b> 카드를 뽑는다.,,,
GameData_Cards_Description_240,<b>Guard</b>,<b>防卫</b>,<b>보호</b>,,,
GameData_Cards_Description_241,<b>Entry:</b> Distract an enemy Heavy creature.,<b>入场：</b>干扰一个敌方重型生物。,<b>입장:</b> 적 헤비 크리처의 이성을 잃게 한다.,,,
GameData_Cards_Description_108,<b>End:</b> Deal 2 damage to a random enemy creature.,<b>回合结束：</b>对任意一个敌方生物造成 2 点伤害。,<b>마침:</b> 임의의 적 크리처에 데미지 2를 입힌다.,,,
GameData_Cards_Description_120,<b>Entry:</b> Give a creature +1/+1.,<b>入场：</b>给一个生物 +1/+1 攻击/防御值。,<b>입장:</b> 크리처 1기에 공격력과 방어력을 1만큼 더한다.,,,
GameData_Cards_Description_242,<b>Heavy</b>,<b>重型</b>,<b>헤비</b>,,,
GameData_Cards_Description_6,"<b>Heavy</b>, <b>Rage:</b> Draw a card.",<b>重型</b>、<b>狂怒：</b> 抽一张牌。,"<b>헤비</b>, <b>격노:</b> 카드를 뽑는다.",,,
GameData_Cards_Description_244,<b>Heavy</b>,<b>重型</b>,<b>헤비</b>,,,
GameData_Cards_Description_246,<b>Feral</b>,<b>野性</b>,<b>야생</b>,,,
GameData_Cards_Description_248,Deal 10 damage to a creature.,对一个生物造成 10 点伤害。,크리처 1기에 데미지 10을 입힌다.,,,
GameData_Cards_Description_250,<b>Reanimate</b>,<b>复活</b>,<b>소생</b>,,,
GameData_Cards_Description_251,<b>Reanimate</b>,<b>复活</b>,<b>소생</b>,,,
GameData_Cards_Description_253,<b>Destroy</b>,<b>摧毁</b>,<b>파괴</b>,,,
GameData_Cards_Description_254,<b>Death:</b> Deal 5 damage to your Champion.,<b>死亡：</b>对你的英雄造成 5 点伤害。,<b>죽음:</b> 플레이어의 챔피언에 데미지 5를 입힌다.,,,
GameData_Cards_Description_255,"<b>Guard, Destroy</b>",<b>防卫、摧毁</b>,"<b>보호, 파괴</b>",,,
GameData_Cards_Description_256,<b>Entry:</b> Freeze a Creature.,<b>入场：</b> 冻结一个生物。,<b>입장:</b> 크리처 1기를 얼린다.,,,
GameData_Cards_Description_21,"While this is in play, give all ally creatures +2 Def.",当此牌在场上时，给所有同盟生物 +2 防御值。,"이 카드가 플레이 중일 때, 모든 아군 크리처들에 방어력 2를 더한다.",,,
GameData_Cards_Description_132,<b>Entry:</b> Give a creature +6/-6.,<b>入场：</b>给一个生物 +6/-6 攻击/防御值。,<b>입장:</b> 크리처에 공격력을 6 더하고 방어력을 6 낮춘다.,,,
GameData_Cards_Description_39,Destroy a random creature.,摧毁任意一个生物。,임의의 크리처 1기를 파괴한다.,,,
GameData_Cards_Description_136,<b>Entry:</b> Give an ally creature +3/+2.,<b>入场：</b>给一个同盟生物 +3/+2 攻击/防御值。,"<b>입장:</b> 아군 크리처에 공격력 3, 방어력 2를 더한다.",,,
GameData_Cards_Description_49,"<b>Heavy</b>, Freeze creatures this damages.",<b>重型</b>，冻结此牌损伤的生物。,"<b>헤비</b>, 데미지를 입힐 크리처를 얼린다.",,,
GameData_Cards_Description_65,<b>Entry:</b> Deal 1 damage to an enemy.,<b>入场：</b>对一个敌人造成 1 点伤害。,<b>입장:</b> 적 1기에 데미지 1을 입힌다.,,,
GameData_Cards_Description_88,<b>Entry:</b> Distract an enemy creature.,<b>入场：</b>干扰一个敌方生物。,<b>입장:</b> 적 크리처의 이성을 잃게 한다.,,,
GameData_Cards_Description_8,"While this is in play, it takes a maximum of 2 damage from any source.",当此牌在场上时，任何来源的攻击都只造成最高 2 点伤害。,"이 카드가 플레이 중일 때, 어떤 공격이든 최대 2 데미지만을 받는다.",,,
GameData_Cards_Description_9,<b>Entry:</b> Give adjacent creatures +1/+2 and <b>Heavy</b>.,<b>入场：</b>给相邻生物 +1/+2 攻击/防御值和<b>重型</b>技能。,"<b>입장:</b> 인접 크리처들에 공격력 1, 방어력 2를 더하고 <b>헤비</b> 능력을 부여한다.",,,
GameData_Cards_Description_18,Give a creature +7/-7.,给一个生物 +7/-7 攻击/防御值。,크리처에 공격력을 7 더하고 방어력을 7 낮춘다.,,,
GameData_Cards_Description_22,<b>End:</b> Restore 2 Def to all other ally creatures.,<b>回合结束：</b> 给所有其他同盟生物恢复 2 点防御值。,<b>마침:</b> 다른 모든 아군 크리처들의 방어력을 2만큼 회복시킨다.,,,
GameData_Cards_Description_23,<b>Reanimate</b>,<b>复活</b>,<b>소생</b>,,,
GameData_Cards_Description_27,<b>Entry:</b> Destroy all other creatures.,<b>入场：</b>摧毁所有其他生物。,<b>입장:</b> 다른 모든 크리처들을 파괴한다.,,,
GameData_Cards_Description_29,<b>Entry:</b> Deal 4 damage to an enemy if you have 25 Def or less,<b>入场：</b>如果你的防御值为 25 或更低，对一个敌人造成 4 点伤害。,<b>입장:</b> 플레이어의 방어력이 25 이하일 때 적에게 데미지 4를 입힌다.,,,
GameData_Cards_Description_32,<b>Entry:</b> Give an ally creature <b>Guard</b>,<b>入场：</b>给一个同盟生物<b>防卫</b>技能。,<b>입장:</b> 아군 크리처에 <b>보호</b> 능력을 부여한다.,,,
GameData_Cards_Description_35,"<b>Heavy, End:</b> +2 Def.",<b>重型、回合结束：</b>+2 防御值。,"<b>헤비, 마침:</b> 방어력 2를 더한다.",,,
GameData_Cards_Description_36,<b>Entry:</b> Destroy an enemy creature with <b>Heavy</b>,<b>入场：</b>摧毁一个拥有<b>重型</b>技能的敌方生物。,<b>입장:</b> <b>헤비</b> 능력을 가진 적 크리처 1기를 파괴한다.,,,
GameData_Cards_Description_38,<b>Entry:</b> Give an ally creature <b>Feral</b>.,<b>入场：</b>给一个同盟生物<b>野性</b>技能。,<b>입장:</b> 아군 크리처에 <b>야생</b> 능력을 부여한다.,,,
GameData_Cards_Description_42,"While this is in play, gain the Atk and Def of adjacent creatures other than Z-Virus.",当此牌在场上时，从相邻的、非【Z-病毒】的生物手中获取其攻击和防御值。,"이 카드가 플레이 중일 때, Z-Virus를 제외한 인접 크리처들의 공격력과 방어력을 얻는다.",,,
GameData_Cards_Description_43,<b>Death:</b> Put 3 random creatures from your discard into play.,<b>死亡：</b>从你丢弃的牌中抽取随机 3 个生物投入战场。,<b>죽음:</b> 플레이어가 버린 패에서 임의의 크리처 3기를 플레이에 넣는다.,,,
GameData_Cards_Description_45,<b>Entry:</b> Put a random 2-cost creature into play.,<b>入场：</b>将随机一个 2 goo 成本的生物投入战场。,<b>입장:</b> 비용이 2인 임의의 크리처 1기를 플레이에 넣는다.,,,
GameData_Cards_Description_46,<b>End:</b> Deal 1 damage to your Champion.,<b>回合结束：</b>对你的英雄造成 1 点伤害。,<b>마침:</b> 플레이어의 챔피언에 데미지 1을 입힌다.,,,
GameData_Cards_Description_47,<b>Entry: Destroy</b> all ally creatures.,<b>入场：摧毁</b>所有同盟生物。,<b>입장:</b> 모든 아군 크리처들을 <b>파괴</b>한다.,,,
GameData_Cards_Description_48,<b>Entry:</b> Destroy a <b>Frozen</b> enemy creature.,<b>入场：</b>摧毁一个<b>冻结</b>的敌方生物。,<b>입장:</b> <b>얼어있는</b> 적 크리처 1기를 파괴한다.,,,
GameData_Cards_Description_61,<b>Entry:</b> +2 Def if your Champion has 10 def or less,<b>入场：</b>如果你的英雄防御值为 10 或更低，+2 防御值。,<b>입장:</b> 플레이어 챔피언의 방어력이 10 이하인 경우 방어력 2를 더한다.,,,
GameData_Cards_Description_70,Get 1 empty goo bottle,获得 1 个空 goo 瓶,빈 Goo 병을 1개 얻는다,,,
GameData_Cards_Description_75,<b>Entry:</b> Draw a card for every enemy creature in play,<b>入场：</b>抽与场上敌方生物数量相等张数的牌。,<b>입장:</b> 플레이 중인 적 크리처 하나당 카드 하나를 뽑는다.,,,
GameData_Cards_Description_85,</b>Death:</b> Deal damage to all equal to this creature's Atk.,</b>死亡：</b>对和此生物有相同攻击值的所有其他生物造成伤害。,</b>죽음:</b> 이 크리처의 공격력에 해당하는 만큼 모두에게 데미지를 입힌다.,,,
GameData_Cards_Description_90,<b>Entry:</b> Freeze all enemy creatures,<b>入场：</b> 冻结所有敌方生物。,<b>입장:</b> 모든 적 크리처를 얼린다,,,
GameData_Cards_Description_94,<b>Entry:</b> Adjacent creatures get <b>Guard</b>.,<b>入场：</b>相邻生物获得<b>防卫</b>技能。,<b>입장:</b> 인접 크리처들이 <b>보호</b> 능력을 얻는다.,,,
GameData_Cards_Description_96,<b>Entry:</b> Draw a card from the enemy Deck,<b>入场：</b>从敌方卡组中抽一张牌。,<b>입장:</b> 적 덱에서 카드를 한 장 뽑는다.,,,
GameData_Cards_Description_97,"While this is in hand, costs 1 less after every turn this is in your hand.",当此牌在手牌中时，每过一回合成本就减少 1 。,"이 카드를 손에 가지고 있는 동안, 매 턴이 끝날 때마다 비용이 1씩 감소한다.",,,
GameData_Cards_Description_103,<b>Rage:</b> +3 Atk.,<b>狂怒：</b>+3 攻击值。,<b>격노:</b> 공격력에 3을 더한다.,,,
GameData_Cards_Description_104,<b>Entry:</b> Give all ally creatures <b>Heavy</b>,<b>入场：</b>给所有同盟生物<b>重型</b>技能。,<b>입장:</b> 모든 아군 크리처에 <b>헤비</b> 능력을 부여한다.,,,
GameData_Cards_Description_117,Change all enemy creatures' Atk to 1 this turn.,在本回合，将所有敌方生物的攻击值变为 1 。,이번 턴에 모든 적 크리처들의 공격력을 1로 바꾼다,,,
GameData_Cards_Description_143,<b>Guard</b>,<b>防卫</b>,<b>보호</b>,,,
GameData_Cards_Description_145,<b>Entry:</b> Get an empty Goo Bottle if this is your only creature in play.,<b>入场：</b>如果此生物是你在场上的唯一生物，获得一个空 goo 瓶。,<b>입장:</b> 플레이에 이 카드만 있는 경우 빈 Goo 병을 1개 얻는다.,,,
GameData_Cards_Description_146,"<b>Entry:</b> If the enemy has 30 Def or less, get an empty Goo Bottle.",<b>入场：</b>如果敌方防御值为 30 或更低，获得一个空 goo 瓶。,"<b>입장:</b> 적의 방어력이 30 이하인 경우, 빈 Goo 병을 1개 얻는다.",,,
GameData_Cards_Description_148,<b>Death:</b> Get 1 Goo Bottle this turn.,<b>死亡：</b>本回合获得 1 个 goo 瓶。,<b>죽음:</b> 이번 턴에 Goo 병을 1개 얻는다.,,,
GameData_Cards_Description_149,<b>Entry:</b> Get 2 Goo Bottles this turn.,<b>入场：</b>本回合获得 2 个 goo 瓶。,<b>입장:</b> 이번 턴에 Goo 병을 2개 얻는다.,,,
GameData_Cards_Description_150,"While this is in play, gain Atk and Def equal to the number of unspent Goo you have.",当此牌在场上时，获得与你未用 goo 的数量相等的攻击和防御值。,"이 카드가 플레이 중인 경우, 보유 중인 미사용 Goo의 수만큼 공격력과 방어력을 얻는다.",,,
GameData_Cards_Description_152,<b>Entry:</b> Get a Goo Bottle if you have less Def than your enemy.,<b>入场：</b>如果你的防御值比敌方更低，获得一个 goo 瓶。,<b>입장:</b> 플레이어의 방어력이 적보다 낮은 경우 Goo 병을 1개 얻는다.,,,
GameData_Cards_Description_153,<b>Entry:</b> Get an empty Goo Bottle if you have fewer creatures in play than the enemy.,<b>入场：</b>如果你在战场上的生物数量少于敌方，获得一个空 goo 瓶。,<b>입장:</b> 플레이 중인 크리처가 적보다 더 적은 경우 빈 Goo 병을 1개 얻는다.,,,
GameData_Cards_Description_133,<b>Entry:</b> Give an ally creature +1/+2.,<b>入场：</b>给一个同盟生物 +1/+2 攻击/防御值。,"<b>입장:</b> 아군 크리처에 공격력 1, 방어력 2를 더한다.",,,
GameData_Cards_Description_128,<b>Death:</b> Lose a Goo Bottle.,<b>死亡：</b>失去一个 goo 瓶。,<b>죽음:</b> Goo 병 1개를 잃는다.,,,
GameData_Cards_Description_134,<b>Entry:</b> Give this +2 Def for every enemy creature in play.,<b>入场：</b>获得与场上敌方生物数量 2 倍的防御值。,<b>입장:</b> 이 카드에 플레이 중인 적 크리처 하나당 방어력 2를 더한다.,,,
GameData_Cards_Description_122,<b>Entry:</b> Both players get an empty Goo Bottle.,<b>入场：</b>双方玩家获得一个空 goo 瓶。,<b>입장:</b> 두 플레이어가 빈 Goo 병을 1개씩 얻는다.,,,
GameData_Cards_Description_126,<b>Entry:</b> Give a creature +2/-1.,<b>入场：</b>给一个生物 +2/-1 攻击/防御值。,<b>입장:</b> 크리처에 공격력을 2 더하고 방어력을 1 낮춘다.,,,
GameData_Cards_Description_93,<b>Entry:</b> Give this +1 Atk for every ally creature in play.,<b>入场：</b>获得与场上同盟生物数量相等的攻击值。,<b>입장:</b> 플레이 중인 모든 아군 크리처에 공격력 1을 더한다.,,,
GameData_Cards_Description_79,<b>Entry:</b> Discard a random card from hand.,<b>入场：</b>从手牌中随机丢弃一张牌。,<b>입장:</b> 플레이어의 손에서 임의의 카드 1개를 버린다.,,,
GameData_Cards_Description_54,"While this is in play, reduce the cost of all creatures in your hand by 1.",当此牌在场上时，手牌中所有生物的成本减少 1 。,"이 카드가 플레이 중일 때, 플레이어의 손에 있는 모든 크리처의 비용을 1만큼 감소시킨다.",,,
GameData_Cards_Description_40,Distract a creature then give it +3/-3,干扰一个生物并给它 +3/-3 攻击/防御值,"크리처의 이성을 잃게 하고, 이후 공격력 3을 더하고 방어력 3을 낮춘다.",,,
GameData_Cards_Description_41,creature cannot take damage until the start of your next turn.,在你下一回合开始前，生物无法受到损伤。,플레이어의 다음 턴이 시작할 때까지 크리처는 데미지를 받지 않는다.,,,
GameData_Cards_Description_51,<b>Entry:</b> Give a random creature in your hand +2/+1.,<b>入场：</b>给你的手牌中随机一个生物 +2/+1 攻击/防御值。,"<b>입장:</b> 플레이어의 손에 있는 임의의 크리처에 공격력 2, 방어력 1을 더한다.",,,
GameData_Cards_Description_52,"<b>Feral</b>, does not need to attack creatures with Heavy first.",<b>野性</b>，不需要先攻击拥有重型技能的生物。,"<b>야생</b>, 헤비 속성의 크리처를 먼저 공격하지 않아도 된다.",,,
GameData_Cards_Description_53,<b>Entry:</b> Both players draw a card.,<b>入场：</b>双方玩家抽一张牌。,<b>입장:</b> 두 플레이어가 1장씩 카드를 뽑는다.,,,
GameData_Cards_Description_55,"While this is in hand, costs 1 less for every ally creature in play.",当此牌在手中时，减少与场上同盟生物数量相等的goo成本。,"이 카드를 손에 가지고 있는 경우, 플레이 중인 아군 크리처 하나당 비용을 1만큼 감소시킨다.",,,
GameData_Cards_Description_56,<b>Rage:</b> Deal 2 damage to the enemy Champion.,<b>狂怒：</b>对敌方英雄造成 2 点伤害。,<b>격노:</b> 적 챔피언에 데미지 2를 입힌다.,,,
GameData_Cards_Description_58,<b>Entry:</b> Give an ally creature +4 Def.,<b>入场：</b>给一个同盟生物 +4 防御值。,<b>입장:</b> 아군 크리처에 방어력을 4만큼 더한다.,,,
GameData_Cards_Description_60,"<b>Heavy</b>, <b>Rage:</b> +2 Atk.",<b>重型</b>、<b>狂怒：</b>+2 攻击值。,"<b>헤비</b>, <b>격노:</b> 공격력 2 추가",,,
GameData_Cards_Description_66,<b>Entry:</b> Give ally creatures +2 Atk this turn.,<b>入场：</b>本回合给同盟生物 +2 攻击值。,<b>입장:</b> 이번 턴에 아군 크리처에게 공격력을 2만큼 더한다.,,,
GameData_Cards_Description_69,Each player puts a random creature from their deck into play.,每个玩家从各自卡组中随机抽取一个生物投入战场。,각 플레이어는 자신의 덱에서 임의의 크리처 1기를 플레이에 넣는다.,,,
GameData_Cards_Description_71,Deal damage equal to the number of Item cards you have played this match.,造成相等于你在本次比赛中使用工具牌数量的伤害。,이 매치에서 플레이어가 사용한 아이템 카드의 수만큼 데미지를 입힌다.,,,
GameData_Cards_Description_72,Restore 4 Def to all ally creatures.,给所有同盟生物恢复 4 点防御值。,모든 아군 크리처의 방어력을 4만큼 회복한다.,,,
GameData_Cards_Description_77,<b>Death:</b> Put a random 4-cost creature into play.,<b>死亡：</b>将随机一个 4 goo 成本的生物投入战场。,<b>죽음:</b> 비용이 4인 임의의 크리처 1기를 플레이에 넣는다.,,,
GameData_Cards_Description_80,<b>Entry:</b> Both players draw a card.,<b>入场：</b>双方玩家抽一张牌。,<b>입장:</b> 두 플레이어가 1장씩 카드를 뽑는다.,,,
GameData_Cards_Description_83,<b>Death:</b> Return this to your hand. It costs 1 more.,<b>死亡：</b>将此牌返回到你的手牌。它的成本增加 1 。,<b>죽음:</b> 이 카드를 플레이어의 손으로 다시 돌려보낸다. 비용이 1만큼 증가한다.,,,
GameData_Cards_Description_144,<b>Death:</b> Get an empty Goo Bottle.,<b>死亡：</b>获得一个空 goo 瓶。,<b>죽음:</b> 빈 Goo 병을 1개 얻는다.,,,
GameData_Cards_Description_89,<b>Entry:</b> Get <b>Heavy</b> and Guard if this is your only creature in play.,<b>入场：</b>如果此生物是你在场上的唯一生物，获得<b>重型</b>和<b>防卫</b>技能。,<b>입장:</b> 플레이에 이 카드만 있는 경우 <b>헤비</b>와 가드 속성을 얻는다.,,,
GameData_Cards_Description_102,"<b>Entry:</b> If this is your only creature in play, it gets <b>Heavy</b>.",<b>入场：</b>如果这是你在场上唯一的生物，它会获得<b>重型</b>技能。,"<b>입장:</b> 플레이에 이 카드만 있는 경우, <b>헤비</b> 속성을 얻는다.",,,
GameData_Cards_Description_109,<b>Rage:</b> Deal 5 damage to a random enemy.,<b>狂怒：</b>对任意一个敌人造成 5 点伤害。,<b>격노:</b> 임의의 적 1기에 데미지 5를 입힌다.,,,
GameData_Cards_Description_110,"While this is in play, your creatures have <b>Feral</b>.",当此牌在场上时，你的生物拥有<b>野性</b>技能。,"이 카드가 플레이 중일 때, 플레이어의 크리처들이 <b>야생</b> 능력을 가진다.",,,
GameData_Cards_Description_111,"<b>Cannot attack, Turn:</b> Deal 7 damage to a random enemy.",<b>无法攻击、回合：</b>对随机一个敌人造成 7 点伤害。,"<b>공격 불가, 턴:</b> 임의의 적 1기에 데미지 7을 입힌다.",,,
GameData_Cards_Description_112,Destroy a creature.,摧毁一个生物。,크리처 1기를 파괴한다.,,,
GameData_Cards_Description_124,<b>Entry:</b> Give an ally creature </b>Reanimate</b>.,<b>入场：</b>给一个同盟生物<b>复活</b>技能。,<b>입장:</b> 아군 크리처에 </b>소생</b> 속성을 부여한다.,,,
GameData_Cards_Description_125,<b>Death:</b> Put the 2 highest costing creatures in your hand into play.,<b>死亡：</b>将手牌中成本最高的 2 个生物投入战场。,<b>죽음:</b> 플레이어의 손에 있는 가장 비용이 비싼 크리처 2기를 플레이에 넣는다.,,,
GameData_Cards_Description_129,<b>Destroy</b>,<b>摧毁</b>,<b>파괴</b>,,,
GameData_Cards_Description_130,<b>Entry:</b> Deal 4 damage to your Champion and get an empty Goo Bottle.,<b>入场：</b>对你的英雄造成 4 点伤害，并获得一个空 goo 瓶。,<b>입장:</b> 플레이어의 챔피언에 데미지 4를 입히고 빈 Goo 병을 1개 얻는다.,,,
GameData_Cards_Description_131,<b>Entry:</b> Give a creature +4/-2,<b>入场：</b>给一个生物 +4/-2 攻击/防御值。,<b>입장:</b> 크리처에 공격력을 4 더하고 방어력을 2 낮춘사.,,,
GameData_Cards_Description_135,<b>Entry:</b> Put 2 ally Frozens into play if you have less Def than the enemy.,<b>入场：</b>如果你的防御值比敌方低，将两个同盟的【冰雪战士】投入战场。,<b>입장:</b> 플레이어의 방어력이 적보다 낮은 경우 아군 Frozen 2기를 플레이에 넣는다.,,,
GameData_Cards_Description_140,"While this is in play, you have an extra Goo Bottle.",当此牌在场上时，你获得一个额外的 goo 瓶。,"이 카드가 플레이 중일 때, 추가로 Goo 병을 1개 얻는다.",,,
GameData_Cards_Description_137,Deal 2 damage to all enemy creatures.,对所有敌方生物造成 2 点伤害。,모든 적 크리처에 데미지 2를 입힌다.,,,
GameData_Cards_Description_100,<b>End:</b> +1 Def,<b>回合结束：</b>+1 防御值。,<b>마침:</b> 방어력 1을 더한다,,,
GameData_Cards_Description_84,<b>Attack:</b> Get a Goo Bottle this turn.,<b>攻击：</b> 本回合获得一个 goo 瓶。,<b>공격:</b> 이번 턴에 Goo 병을 1개 얻는다.,,,
GameData_Cards_Description_63,<b>Attack:</b> Draw a card.,<b>攻击：</b>抽一张牌。,<b>공격:</b> 카드를 뽑는다.,,,
GameData_Cards_Description_147,<b>Attack:</b> Get a Goo Bottle this turn.,<b>攻击：</b> 本回合获得一个 goo 瓶。,<b>공격:</b> 이번 턴에 Goo 병을 1개 얻는다.,,,
GameData_Cards_Description_95,"While this is in hand, costs 0 if this is the only creature in your hand.",当此牌在手牌中，如果这是手中唯一的生物，成本为 0 。,"플레이어가 손에 오직 이 카드만 가지고 있는 경우, 이 카드의 비용이 0이 된다.",,,
GameData_Cards_Description_92,<b>Entry:</b> Change an enemy creature's Atk to 0 this turn.,<b>入场：</b>本回合将一个敌方生物的攻击值变为 0 。,<b>입장:</b> 이번 턴에 적 크리처 1기의 공격력을 0으로 바꾼다.,,,
GameData_Cards_Description_20,<b>Death:</b> Fill your board with random 1-cost creatures.,<b>死亡：</b>用随机 1 goo 成本的生物填满你的战场。,<b>죽음:</b> 비용이 1인 임의의 크리처들로 플레이어의 전장을 채운다.,,,
GameData_Cards_Description_78,<b>Death:</b> Restore 8 Def to your Champion.,<b>死亡：</b>给你的英雄恢复 8 点防御值。,<b>죽음:</b> 플레이어의 챔피언의 방어력을 8만큼 회복한다.,,,
GameData_Cards_Description_99,<b>Attack:</b> +2 Def.,<b>攻击：</b>+2 防御值。,<b>공격:</b> 방어력 2를 더한다.,,,
GameData_Cards_Description_107,"While this is in play, adjacent creatures get +2 Atk.",当此牌在场上时，相邻生物获得 +2 攻击值。,"이 카드가 플레이 중일 때, 인접 크리처들의 공격력이 2 증가한다.",,,
GameData_Cards_Description_86,<b>Entry:</b> Get +1 Atk for every enemy creature in play,<b>入场：</b>获得与场上敌方生物数量相等的攻击值。,<b>입장:</b> 플레이 중인 적 크리처 하나당 공격력 1을 더한다.,,,
GameData_Cards_Description_114,Deal 2 damage to all enemy creatures and Distract them.,对所有敌方生物造成 2 点伤害，并干扰它们。,모든 적 크리처에 데미지 2를 입히고 이성을 잃게 한다.,,,
GameData_Cards_Description_243,Has +2 Atk on the enemy's turn.,在敌方回合时，拥有 +2 攻击值。,적의 턴에 공격력이 2 증가한다.,,,
GameData_Cards_Description_257,<b>Entry:</b> Destroy all <b>Frozen</b> creatures.,<b>入场：</b>摧毁所有<b>冻结</b>的生物。,<b>입장:</b> <b>얼어있는</b> 적 크리처를 모두 파괴한다.,,,
GameData_InGameTutorial_0,Entry abilities activate as the card is played.,入场技能在此牌投入时激活。,입장 능력은 카드가 플레이에 나왔을 때 발동합니다.,,,
GameData_InGameTutorial_1,Turn abilities activate at the start of every turn.,回合技能在每回合开始时激活。,턴(Turn) 능력은 매 턴을 시작할 때마다 활성화됩니다.,,,
GameData_InGameTutorial_2,End abilities activate at the end of every turn.,回合结束技能在每回合结尾时激活。,마침(End) 능력은 매 턴의 마지막에 활성화됩니다.,,,
GameData_InGameTutorial_3,Attack abilities activate as the creature fights.,攻击技能在生物对战时激活。,공격 능력은 크리처가 전투할 때 활성화됩니다.,,,
GameData_InGameTutorial_4,Death abilities trigger when the creature's Defense is 0.,死亡技能在生物防御值为 0 时触发。,죽음 능력은 크리처의 방어력이 0일 때 발동됩니다.,,,
GameData_InGameTutorial_5,Delayed abilities activate after a certain number of turns.,延迟技能在一定数量的回合后激活。,지연 능력은 일정 횟수의 턴이 지나면 활성화됩니다.,,,
GameData_InGameTutorial_6,A Frozen creature cannot attack the next turn.,一个被冻结的生物无法在下一回合攻击。,얼어있는 크리처는 다음 턴에 공격할 수 없습니다.,,,
GameData_InGameTutorial_7,Reanimated creatures reappear after one death.,被复活的生物在一次死亡后重新出现。,소생된 크리처는 한 번 죽은 후에 다시 나타납니다.,,,
GameData_InGameTutorial_8,Heavy creatures must be attacked first.,重型生物必须先被攻击。,헤비 속성의 크리처는 반드시 가장 먼저 공격받아야 합니다.,,,
GameData_InGameTutorial_9,Feral creatures can attack on the same turn they are played.,野性生物可以在被投入的回合攻击。,야생 속성의 크리처는 플레이에 들어간 턴에 공격할 수 있습니다.,,,
GameData_InGameTutorial_10,tooltip description,提示描述,툴팁 설명,,,
GameData_InGameTutorial_11,tooltip description,提示描述,툴팁 설명,,,
GameData_InGameTutorial_12,tooltip description,提示描述,툴팁 설명,,,
GameData_InGameTutorial_13,The Destroy effect is a single-hit kill.,摧毁效果是一击致命的技能。,파괴 효과는 일격에 적을 죽입니다.,,,
GameData_InGameTutorial_14,Rage increases Attack when the creature first takes damage.,当生物第一次受到伤害时，狂怒可以增强攻击力。,격노는 크리처가 플레이에 처음 데미지를 받으면 공격력을 증가시킵니다.,,,
GameData_InGameTutorial_15,Flash allows the creature to attack twice.,闪击让生物可以攻击两次。,플래시는 해당 크리처가 두 번 공격할 수 있게 해줍니다.,,,
GameData_InGameTutorial_16,Guard protects the creature from damage or Destroy once.,防卫技能可以保护生物不受攻击伤害或抵挡一次摧毁技能。,보호 능력은 해당 크리처를 데미지 또는 파괴 능력으로부터 1회 보호해줍니다.,,,
GameData_Tutorial_0_Tooltip_0,Enemy Champion Defense,敌方英雄防御值,적 챔피언의 방어력,,,
GameData_Tutorial_0_Tooltip_1,Your Champion Defense,你的英雄防御值,내 챔피언의 방어력,,,
GameData_Tutorial_0_Tooltip_2,Def: How much damage this creature can take,防御值：此生物可承受多少攻击,방어력: 이 크리처가 견딜 수 있는 데미지,,,
GameData_Tutorial_0_Tooltip_3,Atk: How much damage this creature deals,攻击值：此生物可以造成多少伤害,공격력: 이 크리처가 입힐 수 있는 데미지,,,
GameData_Tutorial_0_Tooltip_4,Gloop's Defense was lowered by the counter-attack.,Gloop的防御能力被反击削弱了。,Gloop의 방어력이 카운터 공격으로 줄어들었습니다.,,,
GameData_Tutorial_1_Tooltip_0,Add cards to your deck by dragging them to the top.,通过拖放到顶部来添加卡牌到你的卡组。,덱에 카드를 추가하려면 맨 위로 드래그하세요.,,,
GameData_Tutorial_1_Tooltip_1,Remove cards from your deck by double tapping on them.,通过双击从卡组中移除卡牌。,덱에서 카드를 제거하려면 카드 위에서 두 번 탭 하세요.,,,
GameData_Tutorial_1_Tooltip_2,You can also add cards by double tapping them.,你也可以通过双击添加卡牌。,카드를 두 번 탭 해서 추가할 수도 있습니다.,,,
GameData_Tutorial_1_Tooltip_3,It's time to BATTLE!,对战的时刻到了！,"자, 이제 배틀을 시작해보죠!",,,
GameData_Tutorial_1_Tooltip_4,"Later on, you can select this text to rename your deck.",稍后，你可以选择此文本来重命名你的卡组。,나중에는 이 텍스트를 선택하여 덱의 이름을 변경할 수 있습니다.,,,
GameData_Tutorial_1_Tooltip_5,"For now, click on the arrows to browse your cards and fill the deck.",现在，点击箭头浏览你的卡牌并构建卡组。,지금은 화살표를 클릭하여 카드를 확인하면서 덱을 채우세요.,,,
GameData_Tutorial_1_Tooltip_6,Don't you want to open your new cards first?,不想先打开你的新卡牌吗？,새 카드를 먼저 열어보고 싶지 않으신가요?,,,
GameData_Tutorial_1_Tooltip_7,Open your pack.,打开你的卡包。,팩을 열어보세요.,,,
GameData_Tutorial_2_Tooltip_0,Feral creatures can attack on the same turn they are played.,野性生物可以在被投入的回合攻击。,야생 속성의 크리처는 플레이에 들어간 턴에 공격할 수 있습니다.,,,
GameData_Tutorial_2_Tooltip_1,This is how much goo your card costs.,这是卡牌的 goo 成本。,이것은 카드의 Goo 비용을 나타냅니다.,,,
GameData_Tutorial_2_Tooltip_2,You've earned a goo bottle.,你获得了一个 goo 瓶。,Goo 병을 1개 얻었군요.,,,
GameData_Tutorial_2_Tooltip_3,"You've earned another goo bottle, and the goo you spent before has been replenished.",你又获得了一个 goo 瓶，而且你之前使用的 goo 已重新充满。,"Goo 병을 1개 더 얻었으며, 전에 사용했던 Goo는 다시 채워집니다.",,,
GameData_Tutorial_2_Tooltip_4,"Entry effects happen as you play cards, just like Items.",入场效果在你投入卡牌时触发，就像工具牌一样。,입장 효과는 카드를 플레이에 넣을 때 발동합니다. 아이템처럼 말이죠.,,,
GameData_Tutorial_2_Tooltip_5,Heavy creatures need to be attacked first.,重型生物必须先被攻击。,헤비 속성의 크리처는 가장 먼저 공격받아야 합니다.,,,
GameData_Tutorial_2_Tooltip_6,Champions have unique abilities that can be used on cooldown.,英雄拥有独特的技能，可以在冷却时使用。,챔피언들은 쿨다운 중에 사용할 수 있는 독특한 능력을 가지고 있습니다.,,,
GameData_Tutorial_3_Tooltip_0,Let's check out your new cards first.,让我们先看看你的新卡牌。,우선 새 카드를 확인해봅시다.,,,
GameData_Tutorial_4_Tooltip_0,You go first.,你先来。,당신이 선공입니다.,,,
GameData_Tutorial_4_Tooltip_1,"This is your starting hand. Drag the cards you want replaced to the top, then press KEEP.",这是你的初始手牌。将要替换的卡牌拖到上方，然后按“保留”。,"이것은 처음에 당신이 손에 들고 있을 카드입니다. 바꾸고 싶은 카드를 위로 드래그하고, ""가지기"" 버튼을 누르세요.",,,
GameData_Tutorial_4_Tooltip_2,You still have a battle to win.,你还有一场对战在进行中。,아직 승리해야 할 배틀이 있습니다.,,,
GameData_Tutorial_0_TutorialStep_0_AvatarDescription,"Welcome!\n\nSince you're new around here, I'll let you borrow my deck while you learn the ropes.",欢迎你！\n\n由于你是新手，我就让你借用我的卡组先熟悉一下规则吧。,"환영합니다!\n\n새로 오신 분이니, 요령을 익히는 동안 제 덱을 빌려드릴게요.",,,
GameData_Tutorial_0_TutorialStep_1_AvatarDescription,Destroy the enemy Champion to win!,摧毁敌方英雄来赢得胜利吧！,적 챔피언을 파괴하여 승리하세요!,,,
GameData_Tutorial_0_TutorialStep_28_AvatarDescription,NOICE! \nYou won your first match!,太棒了！\n你赢得了你的首场比赛！,훌륭합니다! 첫 매치에서 승리했군요!,,,
GameData_Tutorial_2_TutorialStep_0_AvatarDescription,These creatures aren't all just claws and flesh. They have abilities too.\n\nLet's learn how to use them.,这些生物不仅仅是血肉之躯，它们还拥有技能。\n\n让我们来学习如何使用它们吧。,이 크리처들은 그저 발톱과 살만 가진 것이 아닙니다. 그들은 능력도 갖추고 있지요.\n\n그 능력을 사용하는 법을 배워봅시다.,,,
GameData_Tutorial_4_TutorialStep_0_AvatarDescription,This time it's all up to you...\n\nUse everything you've learned and make me proud!,这次全靠你自己了……\n\n放开手脚，让我骄傲吧！,이번에는 모든 것이 당신에게 달려있습니다...\n\n그 동안 당신이 배운 모든 것을 사용해서 저를 자랑스럽게 해주세요!,,,
GameData_Tutorial_4_TutorialStep_7_AvatarDescription,There's nothing more I can teach you. Congratulations!\n\nNow you can take your skills online by challenging other players in PvP mode.,我已把所有秘诀传授于你。恭喜出师！\n\n现在你将可以去 PvP 模式中，挑战其他玩家，大展拳脚了。,이제 더는 가르칠 것이 없군요. 축하합니다!\n\n이제 PvP 모드에서 다른 플레이어들에게 도전하여 온라인으로 기술을 갈고닦을 수 있습니다.,,,
GameData_Tutorial_0_TutorialStep_0_TooltipCloseText,GOT IT,知道了,확인,,,
GameData_Tutorial_0_TutorialStep_1_TooltipCloseText,LET'S BEGIN,我们开始吧,"자, 시작해볼까요?",,,
GameData_Tutorial_0_TutorialStep_28_TooltipCloseText,GOT IT!,知道了!,확인!,,,
GameData_Tutorial_2_TutorialStep_0_TooltipCloseText,LET'S BEGIN,我们开始吧,"자, 시작해볼까요?",,,
GameData_Tutorial_4_TutorialStep_0_TooltipCloseText,BATTLE!,开战!,배틀!,,,
GameData_Tutorial_4_TutorialStep_7_TooltipCloseText,CONTINUE,继续,계속,,,
GameData_Tutorial_0_TutorialStep_2_ChampionSayTooltip_0,GROWL!,GROWL!,으르렁!,,,
GameData_Tutorial_0_TutorialStep_3_ChampionSayTooltip_0,I will burn you to ash!,I will burn you to ash!,너를 잿더미로 만들어주마!,,,
GameData_Tutorial_0_TutorialStep_8_ChampionSayTooltip_0,Two can play that game.,Two can play that game.,이 게임은 두 명이 플레이할 수 있습니다.,,,
GameData_Tutorial_0_TutorialStep_9_ChampionSayTooltip_0,My creature cannot attack yet. So I'm done for now.,My creature cannot attack yet. So I'm done for now.,"내 크리처는 아직 공격할 수 없기 때문에, 이번 턴은 여기까지 입니다.",,,
GameData_Tutorial_0_TutorialStep_11_ChampionSayTooltip_0,Not bad for a slab of rock.,Not bad for a slab of rock.,바위 조각치고는 제법이군.,,,
GameData_Tutorial_0_TutorialStep_12_ChampionSayTooltip_0,Let's attack that creature.,Let's attack that creature.,저 크리처를 공격합시다.,,,
GameData_Tutorial_0_TutorialStep_14_ChampionSayTooltip_0,"I'm done. Let's move on, shall we?","I'm done. Let's move on, shall we?",이번 턴은 여기까지 하고 넘어가 볼까요?,,,
GameData_Tutorial_0_TutorialStep_16_ChampionSayTooltip_0,Double trouble.,Double trouble.,골치 아프지?,,,
GameData_Tutorial_0_TutorialStep_17_ChampionSayTooltip_0,Turn him to ash!,Turn him to ash!,저 녀석을 잿더미로 만들어 버리세요!,,,
GameData_Tutorial_0_TutorialStep_24_ChampionSayTooltip_0,Two can play that game.,Two can play that game.,이 게임은 두 명이 플레이할 수 있습니다.,,,
GameData_Tutorial_2_TutorialStep_1_ChampionSayTooltip_0,I'll crush you!,I'll crush you!,너를 부숴버리겠다!,,,
GameData_Tutorial_2_TutorialStep_2_ChampionSayTooltip_0,Not if I defeat you first!,Not if I defeat you first!,내가 널 먼저 쓰러뜨린다면 그럴 수 없을 거다!,,,
GameData_Tutorial_2_TutorialStep_5_ChampionSayTooltip_0,Pesky Feral creatures!,Pesky Feral creatures!,성가신 야생 크리처로군!,,,
GameData_Tutorial_2_TutorialStep_8_ChampionSayTooltip_0,We're done here. Let's move on!,We're done here. Let's move on!,이번 턴은 여기까지입니다. 넘어가죠!,,,
GameData_Tutorial_2_TutorialStep_9_ChampionSayTooltip_0,Now you can't touch me.,Now you can't touch me.,이제 너는 나를 건드릴 수 없다.,,,
GameData_Tutorial_2_TutorialStep_11_ChampionSayTooltip_0,Play the feral first!,请先投入野性生物！,야생 크리처를 먼저 플레이에 넣으세요!,,,
GameData_Tutorial_2_TutorialStep_21_ChampionSayTooltip_0,My fireball will end him.,My fireball will end him.,제 파이어볼(Fireball)로 저 녀석을 끝장내 버리세요!,,,
GameData_Tutorial_2_TutorialStep_22_ChampionSayTooltip_0,Gotcha.,Gotcha.,좋았어!,,,
ConnectionPopup_Label_Body,"Lost connection to the server, reconnecting...",服务器连接断开，正在重新连接……,서버와 연결이 끊어졌습니다. 다시 연결하고 있습니다...,,,
InputOTP_Label_Header,Input your verification code.,输入你的验证码。,인증 코드를 입력하세요.,,,
InputOTP_Label_Body,You should have received a verification code to the phone number associated with this account.,和此账号绑定的手机应该已收到验证码。,이 계정과 연결된 휴대폰 번호로 인증 코드를 전송했습니다.,,,
InputOTP_Label_OTP,Code,验证码,인증 코드,,,
InputOTP_Placeholder_OTP,Code...,验证码……,인증 코드...,,,
Common_Button_Cancel,CANCEL,取消,취소,,,
Common_Button_Send,SEND,发送,전송,,,
MyDecks_Editing_Button_Auto,AUTO COMPLETE,自选完成,자동 채우기,,,
MyDecks_Editing_PlaceHolder_Search,SEARCH,搜索,검색,,,
MyDecks_Editing_Label_Element,ELEMENT,派系,속성,,,
MyDecks_Editing_Label_GooCost,GOO COST,GOO 成本,GOO 비용,,,
MyDecks_Editing_Label_Rarity,RARITY,稀有度,희귀성,,,
MyDecks_Editing_Button_ViewDeck,VIEW DECK,查看卡组,덱 보기,,,
MyDecks_Editing_Button_SaveDeck,SAVE,保存,저장,,,
ViewDeck_Label_Abilities,ABILITIES,技能,능력,,,
ViewDeck_Button_Change,CHANGE,更改,변경,,,
ConnectionPopup_Label_Connecting,Validating and fetching data...,正在验证并获取数据……,데이터 검증 및 수신 중...,,,
ConnectionPopup_Label_Failed,"Connection to the backend has failed, please check your Internet connection and try again later.",连接后端失败，请检查你的网络连接，并再试。,백엔드 연결에 실패했습니다. 인터넷 연결을 확인한 후 다시 시도해주세요.,,,
ConnectionPopup_Label_Reconnecting,"Lost connection to the server, reconnecting...",服务器连接断开，正在重新连接……,서버와 연결이 끊어졌습니다. 다시 연결하고 있습니다...,,,
ConnectionPopup_Label_Matchmaking,Looking for an opponent...,寻找对手……,상대 찾는 중...,,,
Common_Button_Close,CLOSE,关闭,닫기,,,
Common_Button_Quit,QUIT,退出,종료,,,
Common_Button_Retry,RETRY,重试,재시도,,,
Common_Button_Continue,CONTINUE,继续,계속,,,
InternetConnectionPopup_Label_Body,Internet connection required. Please check your internet connection and try again,需要联网。请检查你的网络连接并重试。,인터넷 연결이 필요합니다. 확인 후 다시 시도해주세요.,,,
LevelUp_Label_NoReward,You've collected all the rewards available for this champion!,你已经收集了此英雄的全部奖励！,이 챔피언으로 얻을 수 있는 보상을 모두 받았습니다!,,,
LevelUp_Label_NextLevelReward,Get next reward at level {NextLevelReward}!,在第 {NextLevelReward} 级获得下一个奖励！,레벨 {NextLevelReward}에서 다음 보상을 받으세요!,,,
SelectChampionPopup_Label_Header,SELECT YOUR CHAMPION,选择你的英雄,챔피언 선택,,,
SelectChampionPopup_Label_WeakAgainst,WEAK AGAINST,克星,취약 속성,,,
SelectChampionAbilityPopup_Label_Header,SELECT CHAMPION ABILITIES,选择英雄技能,챔피언 능력 선택,,,
SelectChampionAbilityPopup_Label_SelectedAmount,<color=#FFFF00>{SELECTED_AMOUNT}/{TOTAL_AMOUNT}</color> ABILITIES SELECTED,已选择 <color=#FFFF00>{SELECTED_AMOUNT}/{TOTAL_AMOUNT}</color> 技能,<color=#FFFF00>{SELECTED_AMOUNT}/{TOTAL_AMOUNT}</color>개의 능력이 선택됨,,,
AbilityBar_Label_Body,UNLOCK ABILITY,解锁技能,능력 활성화,,,
RenamePopup_Label_Head,RENAME DECK,重命名卡组,덱 이름 변경,,,
RenamePopup_Label_Body,NAME YOUR DECK,命名你的卡组,덱 이름을 입력하세요,,,
RenamePopup_Placeholder_DeckName,DECK NAME,卡组名称,덱 이름,,,
Warning_FilterCard_NoGooCost,At least one option must be selected.,至少必须选择一个选项。,최소 한 개 이상의 옵션을 선택해야 합니다.,,,
Warning_FilterCard_NoElement,At least one option must be selected.,至少必须选择一个选项。,최소 한 개 이상의 옵션을 선택해야 합니다.,,,
Warning_FilterCard_NoRank,At least one option must be selected.,至少必须选择一个选项。,최소 한 개 이상의 옵션을 선택해야 합니다.,,,
Warning_Shop_ExistingPurchasePending,A purchase for this product is already in progress. Please try again.,此产品的购买已经在进行中。请重试。,이 상품에 대한 구매가 이미 진행 중입니다. 다시 시도해주세요.,,,
Warning_Shop_PaymentDeclined,Payment was declined.,付款未成功。,결제가 거절되었습니다.,,,
Warning_Shop_PurchasingUnavailable,Purchasing is not available.\n\nCheck if you are using a valid account and purchasing is allowed on your device.,无法购买。\n\n请检查你是否使用有效帐户，以及你的设备是否支持购买。,구매를 진행할 수 없습니다.\n\n유효한 계정을 사용하면서 사용자의 기기에서 구매가 허용되어 있는지 확인하세요.,,,
Warning_Gameplay_ClosingGame,Leaving the match and closing the game...,正在退出比赛并关闭游戏……,매치를 떠나 게임을 끝내는 중...,,,
Warning_MatchMaker_Error_FindMatch,Error while finding a match.,匹配时出错。,매치를 찾는 도중 오류가 발생했습니다.,,,
Warning_MatchMaker_Error_CancelingFindMatch,Error while canceling.,取消操作时出错。,취소하는 도중 에러가 발생했습니다.,,,
Warning_Tutorial_Error_DeleteDeck,Not able to delete deck {DECK_ID}.,无法删除卡组 {DECK_ID} 。,{DECK_ID} 덱을 지울 수 없습니다.,,,
Confirm_PlayAgain_Available,Would you like to play another PvP game?,你想开始另一场 PvP 游戏吗？,다른 PvP 게임을 플레이하시겠습니까?,,,